Text,Label
Res: may isang tao keeps following me!,harassment
May nangingialam sa personal ko!,harassment
Res: He keeps texting dirty messages!,harassment
May taong inaasar ako palagi!,harassment
They touched me without consent!,harassment
Sinakal nila ako habang naglalakad!,harassment
"Res: Nakakaba, sila are staring and whistling at me!",harassment
This person won't stop harassing me!,harassment
Pinapapel na nila ako sa school!,harassment
may isang tao keeps following me!,harassment
May nangingialam sa personal ko!,harassment
He keeps texting dirty messages! Please come fast!,harassment
May taong inaasar ako palagi! Please come fast!,harassment
They touched me without consent!,harassment
Sinakal nila ako habang naglalakad!,harassment
"Res: Nakakaba, sila are staring and whistling at me! Please come fast!",harassment
This person won't stop harassing me!,harassment
Res: Pinapapel na nila ako sa school! Please come fast!,harassment
Someone keeps following me!,harassment
May nangingialam sa personal ko! Please come fast!,harassment
He keeps texting dirty messages!,harassment
May taong inaasar ako palagi! Please come fast!,harassment
They touched me without consent!,harassment
Sinakal nila ako habang naglalakad!,harassment
"Nakakaba, sila are staring and whistling at me!",harassment
This person won't stop harassing me! Please come fast!,harassment
Pinapapel na nila ako sa school!,harassment
Someone keeps following me!,harassment
Res: May nangingialam sa personal ko!,harassment
Res: He keeps texting dirty messages!,harassment
May taong inaasar ako palagi! Please come fast!,harassment
Res: sila touched me without consent! Please come fast!,harassment
Res: Sinakal nila ako habang naglalakad!,harassment
"Nakakaba, they are staring and whistling at me!",harassment
This person won't stop harassing me!,harassment
Pinapapel na nila ako sa school!,harassment
may isang tao keeps following me! Please come fast!,harassment
May nangingialam sa personal ko!,harassment
Res: He keeps texting dirty messages!,harassment
May taong inaasar ako palagi! Please come fast!,harassment
They touched me without consent!,harassment
Res: Sinakal nila ako habang naglalakad!,harassment
"Nakakaba, they are staring and whistling at me! Please come fast!",harassment
This person won't stop harassing me! Please come fast!,harassment
Res: Pinapapel na nila ako sa school!,harassment
Someone keeps following me!,harassment
May nangingialam sa personal ko!,harassment
He keeps texting dirty messages! Please come fast!,harassment
May taong inaasar ako palagi!,harassment
Res: They touched me without consent!,harassment
Sinakal nila ako habang naglalakad!,harassment
"Res: Nakakaba, they are staring and whistling at me!",harassment
Res: This person won't stop harassing me! Please come fast!,harassment
Pinapapel na nila ako sa school!,harassment
Someone keeps following me!,harassment
May nangingialam sa personal ko!,harassment
Res: He keeps texting dirty messages! Please come fast!,harassment
May taong inaasar ako palagi!,harassment
Res: sila touched me without consent!,harassment
Res: Sinakal nila ako habang naglalakad!,harassment
"Nakakaba, they are staring and whistling at me!",harassment
Res: This person won't stop harassing me! Please come fast!,harassment
Pinapapel na nila ako sa school!,harassment
may isang tao keeps following me!,harassment
May nangingialam sa personal ko!,harassment
Res: He keeps texting dirty messages!,harassment
May taong inaasar ako palagi! Please come fast!,harassment
They touched me without consent! Please come fast!,harassment
Sinakal nila ako habang naglalakad!,harassment
"Nakakaba, sila are staring and whistling at me! Please come fast!",harassment
This person won't stop harassing me! Please come fast!,harassment
Pinapapel na nila ako sa school!,harassment
Someone keeps following me!,harassment
May nangingialam sa personal ko!,harassment
He keeps texting dirty messages!,harassment
May taong inaasar ako palagi! Please come fast!,harassment
sila touched me without consent!,harassment
Sinakal nila ako habang naglalakad!,harassment
"Nakakaba, sila are staring and whistling at me!",harassment
Res: This person won't stop harassing me!,harassment
Pinapapel na nila ako sa school!,harassment
Someone keeps following me!,harassment
Res: May nangingialam sa personal ko!,harassment
He keeps texting dirty messages!,harassment
May taong inaasar ako palagi!,harassment
They touched me without consent!,harassment
Res: Sinakal nila ako habang naglalakad! Please come fast!,harassment
"Nakakaba, they are staring and whistling at me!",harassment
Res: This person won't stop harassing me! Please come fast!,harassment
Pinapapel na nila ako sa school!,harassment
Res: Someone keeps following me!,harassment
Res: May nangingialam sa personal ko!,harassment
Res: He keeps texting dirty messages!,harassment
Res: May taong inaasar ako palagi!,harassment
They touched me without consent!,harassment
Sinakal nila ako habang naglalakad!,harassment
"Res: Nakakaba, they are staring and whistling at me! Please come fast!",harassment
Res: This person won't stop harassing me!,harassment
Pinapapel na nila ako sa school!,harassment
Someone keeps following me!,harassment
May nangingialam sa personal ko!,harassment
He keeps texting dirty messages!,harassment
Res: May taong inaasar ako palagi!,harassment
They touched me without consent! Please come fast!,harassment
Sinakal nila ako habang naglalakad!,harassment
"Nakakaba, sila are staring and whistling at me!",harassment
This person won't stop harassing me! Please come fast!,harassment
Pinapapel na nila ako sa school! Please come fast!,harassment
may isang tao keeps following me! Please come fast!,harassment
Res: May nangingialam sa personal ko!,harassment
He keeps texting dirty messages!,harassment
May taong inaasar ako palagi!,harassment
Res: sila touched me without consent!,harassment
Sinakal nila ako habang naglalakad! Please come fast!,harassment
"Nakakaba, they are staring and whistling at me! Please come fast!",harassment
This person won't stop harassing me!,harassment
Res: Pinapapel na nila ako sa school!,harassment
Someone keeps following me! Please come fast!,harassment
Res: May nangingialam sa personal ko!,harassment
He keeps texting dirty messages!,harassment
May taong inaasar ako palagi!,harassment
sila touched me without consent!,harassment
Sinakal nila ako habang naglalakad!,harassment
"Nakakaba, they are staring and whistling at me! Please come fast!",harassment
This person won't stop harassing me! Please come fast!,harassment
Pinapapel na nila ako sa school!,harassment
Someone keeps following me!,harassment
May nangingialam sa personal ko!,harassment
Res: He keeps texting dirty messages! Please come fast!,harassment
Res: May taong inaasar ako palagi!,harassment
Res: They touched me without consent! Please come fast!,harassment
Sinakal nila ako habang naglalakad!,harassment
"Nakakaba, sila are staring and whistling at me!",harassment
This person won't stop harassing me!,harassment
Pinapapel na nila ako sa school! Please come fast!,harassment
Someone keeps following me!,harassment
Res: May nangingialam sa personal ko! Please come fast!,harassment
He keeps texting dirty messages!,harassment
May taong inaasar ako palagi! Please come fast!,harassment
sila touched me without consent! Please come fast!,harassment
Res: Sinakal nila ako habang naglalakad!,harassment
"Nakakaba, they are staring and whistling at me!",harassment
This person won't stop harassing me!,harassment
Pinapapel na nila ako sa school!,harassment
Res: Someone keeps following me!,harassment
Res: May nangingialam sa personal ko!,harassment
He keeps texting dirty messages! Please come fast!,harassment
Res: May taong inaasar ako palagi!,harassment
Res: They touched me without consent!,harassment
Sinakal nila ako habang naglalakad!,harassment
"Nakakaba, sila are staring and whistling at me!",harassment
This person won't stop harassing me!,harassment
Pinapapel na nila ako sa school!,harassment
Res: Someone keeps following me!,harassment
May nangingialam sa personal ko! Please come fast!,harassment
Res: He keeps texting dirty messages! Please come fast!,harassment
May taong inaasar ako palagi!,harassment
Res: They touched me without consent!,harassment
Res: Sinakal nila ako habang naglalakad!,harassment
"Nakakaba, sila are staring and whistling at me! Please come fast!",harassment
This person won't stop harassing me!,harassment
Pinapapel na nila ako sa school! Please come fast!,harassment
may isang tao keeps following me! Please come fast!,harassment
May nangingialam sa personal ko!,harassment
He keeps texting dirty messages!,harassment
Res: May taong inaasar ako palagi!,harassment
They touched me without consent!,harassment
Res: Sinakal nila ako habang naglalakad!,harassment
"Nakakaba, they are staring and whistling at me! Please come fast!",harassment
This person won't stop harassing me!,harassment
Pinapapel na nila ako sa school!,harassment
Someone keeps following me!,harassment
Res: May nangingialam sa personal ko! Please come fast!,harassment
Res: He keeps texting dirty messages!,harassment
May taong inaasar ako palagi!,harassment
They touched me without consent! Please come fast!,harassment
Res: Sinakal nila ako habang naglalakad! Please come fast!,harassment
"Nakakaba, sila are staring and whistling at me!",harassment
Res: This person won't stop harassing me!,harassment
Pinapapel na nila ako sa school! Please come fast!,harassment
Someone keeps following me! Please come fast!,harassment
May nangingialam sa personal ko!,harassment
He keeps texting dirty messages!,harassment
May taong inaasar ako palagi!,harassment
sila touched me without consent!,harassment
Sinakal nila ako habang naglalakad! Please come fast!,harassment
"Nakakaba, they are staring and whistling at me!",harassment
This person won't stop harassing me!,harassment
Pinapapel na nila ako sa school! Please come fast!,harassment
Someone keeps following me! Please come fast!,harassment
Res: May nangingialam sa personal ko!,harassment
He keeps texting dirty messages!,harassment
May taong inaasar ako palagi!,harassment
They touched me without consent!,harassment
Sinakal nila ako habang naglalakad! Please come fast!,harassment
"Nakakaba, sila are staring and whistling at me!",harassment
This person won't stop harassing me! Please come fast!,harassment
Pinapapel na nila ako sa school!,harassment
may isang tao keeps following me!,harassment
Res: May nangingialam sa personal ko!,harassment
Res: He keeps texting dirty messages! Please come fast!,harassment
May taong inaasar ako palagi!,harassment
They touched me without consent! Please come fast!,harassment
Sinakal nila ako habang naglalakad! Please come fast!,harassment
"Nakakaba, they are staring and whistling at me!",harassment
This person won't stop harassing me!,harassment
Res: Pinapapel na nila ako sa school!,harassment
Someone keeps following me! Please come fast!,harassment
Res: May nangingialam sa personal ko!,harassment
He keeps texting dirty messages! Please come fast!,harassment
May taong inaasar ako palagi!,harassment
Res: sila touched me without consent! Please come fast!,harassment
Sinakal nila ako habang naglalakad!,harassment
"Nakakaba, they are staring and whistling at me!",harassment
This person won't stop harassing me!,harassment
Pinapapel na nila ako sa school! Please come fast!,harassment
may isang tao keeps following me!,harassment
May nangingialam sa personal ko!,harassment
He keeps texting dirty messages!,harassment
Res: May taong inaasar ako palagi!,harassment
Res: They touched me without consent!,harassment
Res: Sinakal nila ako habang naglalakad!,harassment
"Nakakaba, they are staring and whistling at me!",harassment
This person won't stop harassing me!,harassment
Pinapapel na nila ako sa school!,harassment
Someone keeps following me!,harassment
Res: May nangingialam sa personal ko!,harassment
He keeps texting dirty messages!,harassment
May taong inaasar ako palagi!,harassment
sila touched me without consent!,harassment
Res: Sinakal nila ako habang naglalakad! Please come fast!,harassment
"Res: Nakakaba, sila are staring and whistling at me!",harassment
This person won't stop harassing me!,harassment
Pinapapel na nila ako sa school! Please come fast!,harassment
Someone keeps following me!,harassment
May nangingialam sa personal ko!,harassment
He keeps texting dirty messages!,harassment
May taong inaasar ako palagi!,harassment
They touched me without consent!,harassment
Sinakal nila ako habang naglalakad!,harassment
"Nakakaba, sila are staring and whistling at me!",harassment
This person won't stop harassing me! Please come fast!,harassment
Pinapapel na nila ako sa school!,harassment
Res: Someone keeps following me!,harassment
May nangingialam sa personal ko! Please come fast!,harassment
Res: He keeps texting dirty messages! Please come fast!,harassment
May taong inaasar ako palagi!,harassment
sila touched me without consent!,harassment
Sinakal nila ako habang naglalakad!,harassment
"Nakakaba, sila are staring and whistling at me!",harassment
Res: This person won't stop harassing me! Please come fast!,harassment
Res: Pinapapel na nila ako sa school!,harassment
Someone keeps following me!,harassment
May nangingialam sa personal ko! Please come fast!,harassment
Res: He keeps texting dirty messages!,harassment
Res: May taong inaasar ako palagi!,harassment
Res: They touched me without consent!,harassment
Res: Sinakal nila ako habang naglalakad!,harassment
"Res: Nakakaba, sila are staring and whistling at me! Please come fast!",harassment
Res: This person won't stop harassing me!,harassment
Res: Pinapapel na nila ako sa school!,harassment
Someone keeps following me!,harassment
Res: May nangingialam sa personal ko!,harassment
He keeps texting dirty messages!,harassment
May taong inaasar ako palagi!,harassment
sila touched me without consent!,harassment
Sinakal nila ako habang naglalakad! Please come fast!,harassment
"Nakakaba, they are staring and whistling at me! Please come fast!",harassment
This person won't stop harassing me!,harassment
Res: Pinapapel na nila ako sa school!,harassment
Someone keeps following me! Please come fast!,harassment
May nangingialam sa personal ko!,harassment
Res: He keeps texting dirty messages!,harassment
Res: May taong inaasar ako palagi!,harassment
sila touched me without consent! Please come fast!,harassment
Sinakal nila ako habang naglalakad! Please come fast!,harassment
"Nakakaba, sila are staring and whistling at me! Please come fast!",harassment
This person won't stop harassing me!,harassment
Pinapapel na nila ako sa school!,harassment
Res: Someone keeps following me!,harassment
Res: May nangingialam sa personal ko! Please come fast!,harassment
Res: He keeps texting dirty messages!,harassment
May taong inaasar ako palagi!,harassment
Res: They touched me without consent!,harassment
Sinakal nila ako habang naglalakad!,harassment
"Res: Nakakaba, sila are staring and whistling at me! Please come fast!",harassment
This person won't stop harassing me!,harassment
Pinapapel na nila ako sa school!,harassment
Someone keeps following me! Please come fast!,harassment
May nangingialam sa personal ko!,harassment
He keeps texting dirty messages!,harassment
May taong inaasar ako palagi!,harassment
They touched me without consent! Please come fast!,harassment
Sinakal nila ako habang naglalakad!,harassment
"Nakakaba, they are staring and whistling at me! Please come fast!",harassment
Res: This person won't stop harassing me!,harassment
Pinapapel na nila ako sa school! Please come fast!,harassment
Res: may isang tao keeps following me!,harassment
May nangingialam sa personal ko!,harassment
Res: He keeps texting dirty messages!,harassment
May lalaki na sumisigaw ng bastos sa akin!,harassment
Res: Someone just grabbed my arm!,harassment
Tumutulong po! may humahabol sa akin!,harassment
Please send help, stalker outside my house!,harassment
May humihipo sa akin sa jeep!,harassment
Res: He’s been staring at me for 10 minutes!,harassment
May lalaking sumusunod mula pa sa kanto!,harassment
Somebody shouting obscene words at me!,harassment
Hindi ko kilala, pero binabastos ako!,harassment
Res: He touched my waist without consent!,harassment
May nagpipictorial sa akin nang walang pahintulot!,harassment
Res: May babae sumisigaw sa akin sa labas!,harassment
This man keeps calling me nasty names!,harassment
May kumakalabit sa akin sa bus!,harassment
Help! someone catcalling me in the street!,harassment
Res: May humaharang sa dinadaanan ko!,harassment
He keeps knocking on my door and shouting!,harassment
Res: Nahihipo ako sa pila ng tren!,harassment
May humahawak sa balikat ko kahit di kami close!,harassment
Someone tried to kiss me forcefully!,harassment
Res: May sumusunod habang umuuwi ako!,harassment
This guy blocking my way on purpose!,harassment
Res: Someone took pictures under my skirt!,harassment
May tumatawag sa akin ng bastos kahit hindi kilala!,harassment
Res: He cornered me near the restroom!,harassment
May lalaking sumisigaw ng bastos sa bintana ko!,harassment
Res: May nagbubulong ng malaswang salita!,harassment
Please send help, siya nakaharang sa gate!,harassment
May nagpapadala ng bastos na litrato sa phone ko!,harassment
Res: Someone outside yelling my name in anger!,harassment
May nang-aasar sa akin sa tindahan!,harassment
He’s whistling every time I pass by!,harassment
May nagta-try maghawak sa kamay ko!,harassment
Res: Someone keeps following me sa parking!,harassment
May nagpapadala ng threats sa messenger ko!,harassment
This man shouted "sexy" at me and followed!,harassment
Res: Nahaharang ako ng isang grupo sa daan!,harassment
May nanghaharass habang nasa pila ako!,harassment
Somebody keeps taking my photo without consent!,harassment
Res: May tumatawag ng pangalan ko in a creepy way!,harassment
He keeps brushing against me in the crowd!,harassment
Res: May sumisigaw ng malalaswang salita!,harassment
May lalaki sa kanto na sumisipol at sumusunod!,harassment
Res: This person waiting outside my office!,harassment
Please help, may humahawak sa bag ko!,harassment
Res: Nahaharass ako sa chat group!,harassment
This man pretending to trip just to touch me!,harassment
May lalaking sumusunod sa jeep at bumaba rin!,harassment
Res: Someone shouted threats at me!,harassment
May nagpipilit makausap ako kahit ayaw ko!,harassment
This stranger keeps winking and touching!,harassment
May gumagalaw sa damit ko habang nakapila!,harassment
Res: May sumisilip sa bintana ko!,harassment
He keeps making obscene gestures!,harassment
May nagbubulong ng bastos sa tenga ko!,harassment
This guy blocking my way to the elevator!,harassment
Res: May sumisigaw ng pangalan ko sa kalsada!,harassment
Please help, may nanggugulo sa bahay ko!,harassment
Res: Nahaharass ako sa bus station!,harassment
May naglalakad nang sobrang lapit sa likod ko!,harassment
He keeps calling my number over and over!,harassment
Res: Someone followed me into the restroom!,harassment
May nagsisigaw ng “Hoy sexy” habang dumadaan ako!,harassment
This man sending me unwanted flowers!,harassment
Res: May sumisigaw sa akin sa loob ng jeep!,harassment
Please help, may humahabol sa akin sa eskinita!,harassment
Res: Nahaharass ako ng kapitbahay ko!,harassment
May gumagapang sa likod ko sa pila!,harassment
He keeps sending voice messages na bastos!,harassment
Res: May kumakalabit sa balikat ko!,harassment
Someone whistling every time I move!,harassment
May lalaking sumusunod habang nasa tricycle!,harassment
Res: Nahaharang ako sa pintuan!,harassment
May sumisigaw ng bastos habang nasa tindahan ako!,harassment
Please help, may humaharang sa gate ng bahay!,harassment
Res: May sumusunod na hindi ko kilala!,harassment
Someone keeps staring and smiling creepily!,harassment
May humahawak sa buhok ko!,harassment
Res: He’s whispering dirty things to me!,harassment
May lalaking sumusunod kahit saan ako pumunta!,harassment
Please send help, someone trying to corner me!,harassment
Res: May sumisigaw ng malaswa sa labas ng bahay!,harassment
This man pretending to help but touching me!,harassment
May sumisigaw ng threats habang naglalakad ako!,harassment
Res: Someone pushing me against the wall!,harassment
May humaharang habang may hawak na bote!,harassment
Please help, may lalaking sumisigaw ng bastos!,harassment
Res: Someone waiting outside my classroom!,harassment
May nagpapadala ng bastos na comments sa post ko!,harassment
He’s stalking me on social media!,harassment
May sumisigaw ng pangalan ko na bastos ang tono!,harassment
Res: Nahaharass ako habang naglalakad sa kalsada!,harassment
This guy took my picture without permission!,harassment
Res: May sumusunod na lalaki sa likod ko!,harassment
May lalaking sumusunod sa bus stop!,harassment
Please send help, may humaharang sa daan ko!,harassment
Res: Someone whispering obscene words to me!,harassment
May humahawak sa balikat ko sa MRT!,harassment
Res: This person keeps sending harassing texts!,harassment
May nagbabantang kakantutin ako!,harassment
Res: This guy said he will rape me!,harassment
Help! someone trying to kantot me!,harassment
May humihipo sa suso ko sa jeep!,harassment
Res: May lalaki nagpapakita ng ari niya!,harassment
This man keeps saying he wants to fuck me!,harassment
May sumisigaw ng “puta ka” sa akin!,harassment
Res: Someone grabbed my butt without consent!,harassment
He’s trying to force me to have sex!,harassment
May nagmumura at nagbabanta ng rape!,harassment
Res: Nahipo ako sa pwet habang nakapila!,harassment
May lalaking nagpapakita ng bastos na videos!,harassment
He keeps saying “kantot tayo”!,harassment
Res: Someone sending me nude pics without consent!,harassment
May lalaking sumusunod na sinasabi rape!,harassment
Help! may nagbubulong ng bastos sa tenga ko!,harassment
Res: He’s holding my waist tightly!,harassment
May sumisigaw ng “gusto kita kantutin” sa kalsada!,harassment
Res: This guy won’t stop touching my thigh!,harassment
May nagtatangkang halikan ako!,harassment
Res: May lalaking sumisigaw ng malaswa!,harassment
Please send help, someone asking for sex!,harassment
May nagpo-post ng bastos na pics ko online!,harassment
Res: He sent me threats about raping me!,harassment
May sumusunod sa akin at sinisigaw “kantot!”,harassment
Res: This guy trying to grope my chest!,harassment
May lalaking nagsasabing hubaran ako!,harassment
Res: Someone following me whispering “fuck you!”,harassment
Help! may humahawak sa puwet ko sa MRT!,harassment
May lalaking naglalabas ng titi sa harap ko!,harassment
Res: He keeps saying “sex tayo ngayon!”,harassment
May nagpapadala ng bastos na mensahe sa text!,harassment
Res: May lalaki nagpapakita ng porn sa phone!,harassment
May sumusunod at pinipilit mag motel kami!,harassment
Res: Nahipuan ako sa legs sa jeep!,harassment
He keeps asking if I want to fuck!,harassment
May nagbubulong ng malaswa sa bus!,harassment
Res: Someone touching me sa siksikan!,harassment
May humahawak sa suso ko!,harassment
Res: This guy forcing me to kiss him!,harassment
Help! someone telling me to spread my legs!,harassment
May nagpapadala ng sex video sa messenger!,harassment
Res: Nahipuan ako habang naglalakad!,harassment
He keeps saying “puta ka” while staring!,harassment
May nagbabanta ng rape sa akin sa text!,harassment
Res: Someone keeps calling me “slut”!,harassment
May humihipo sa legs ko sa jeep!,harassment
Res: This man touching my ass repeatedly!,harassment
May sumusunod at sinasabing fuck me!,harassment
Res: Someone outside shouting “rape her!”,harassment
Help! may naglalabas ng ari sa harap ko!,harassment
Res: May nagpapadala ng bastos na emojis!,harassment
May nagpapadala ng dick pic sa phone ko!,harassment
Res: Someone saying “kantutin kita ngayon!”,harassment
May sumusunod habang minumura ako!,harassment
Res: This man sending porn links!,harassment
May sumisigaw ng “hubad ka nga!” sa kalsada!,harassment
Res: Nahipuan ako sa balikat pababa sa suso!,harassment
May humahawak sa pwet ko sa tren!,harassment
Res: Someone forcing me to dance sexy!,harassment
May nagpapakita ng titi sa park!,harassment
Res: This guy asking to see my boobs!,harassment
Help! may nanghihipo sa likod ko!,harassment
May sumusunod at sinisigaw “puta!”!,harassment
Res: Someone trying to lift my skirt!,harassment
May naglalabas ng ari sa jeep!,harassment
Res: Nahipuan ako sa gilid ng katawan!,harassment
May nagpapadala ng “kantot” messages!,harassment
Res: Someone keeps asking to have sex!,harassment
May humahawak sa balakang ko!,harassment
Res: This guy grinding against me!,harassment
May nagbabanta sa akin ng gang rape!,harassment
Res: Nahipuan ako sa tricycle!,harassment
May nagpapadala ng voice note na bastos!,harassment
Res: Someone licking their lips at me!,harassment
May sumusunod at naglalabas ng ari!,harassment
Res: This guy asking me “mag motel tayo?”,harassment
May humaharang sa daan at nagsasabing sex!,harassment
Res: Someone sending me fuck messages!,harassment
May nagpapadala ng kantot na video!,harassment
Res: Nahipuan ako sa likod!,harassment
May sumisigaw ng “sex tayo” habang naglalakad!,harassment
Res: This guy asking to touch me!,harassment
Help! may humahawak sa dibdib ko!,harassment
May nagpipilit makipag sex sa akin!,harassment
Res: Someone keeps showing me porn!,harassment
May sumusunod na nagsasabing kantot ngayon!,harassment
Res: Nahipuan ako sa MRT!,harassment
May nagpapadala ng nude photos sa akin!,harassment
Res: This man trying to force sex!,harassment
May sumusunod habang sinisigaw rape!,harassment
Res: Someone pushing me to the wall for sex!,harassment
May humahawak sa balikat at suso ko!,harassment
Res: Nahipuan ako sa likod habang nakapila!,harassment
May nagpapadala ng bastos na meme sa akin!,harassment
Res: This guy said “hubaran kita ngayon!”,harassment
May sumusunod at nagmumura ng “puta ka!”,harassment
"Help! May humahipo sa akin sa jeep!",harassment
"Shit may manyakis sa bus, hinahawakan nya legs ko",harassment
"Naka uniform ako tapos sinipulan ako ng tambay, sabi kantutin daw nya ako",harassment
"May lasing dito sa kanto hinaharass ako, sumisigaw siya ng bastos",harassment
"Help --- I --- no --- stop touching --- me ---",harassment
"Sumigaw siya ng ‘gusto mo kantot?’ habang naglalakad ako sa eskinita",harassment
"May lalaki sa jeep nakalabas yung ari niya, tinitignan ako habang ngumunguya",harassment
"Fuck he’s grabbing my boobs in the crowd",harassment
"Sir tulungan nyo ako, may humahabol na manyak!",harassment
"Putangina hinawakan niya pwet ko sa mall",harassment
"HELP! Hindi ko siya kilala pero hinahatak niya braso ko",harassment
"May lalaking sumusunod sa akin, paulit-ulit sinasabi 'gusto kita kantutin'",harassment
"Huminto ako sa kanto, may nagflash ng titi",harassment
"Nasa jeep ako, bigla niyang pinasok kamay niya sa bag ko at tinamaan boobs ko",harassment
"Stop! fuck you wag mo ako hipuan",harassment
"May manyakis sa MRT, nakadikit titi niya sa likod ko",harassment
"HELP --- static --- hands --- me --- stop ---",harassment
"May dalawang tambay nagmumurang bastos , sabi titirahin daw nila ako",harassment
"Putangina may nag selfie habang nakalabas yung boobs ko",harassment
"Hey police! He’s following me and saying he will rape me",harassment
"May driver na ayaw ako palabasin sa tricycle, hawak kamay ko",harassment
"Sumisigaw siya ng 'sarap mo siguro' habang hawak titi niya",harassment
"Stop touching me you pervert!",harassment
"Help! May lalaki na nakalabas ang ari habang binabati",harassment
"May nagchat sa FB ng dick pic, unknown account",harassment
"Naka takip mukha niya, hinahatak niya ako sa madilim na eskinita",harassment
"Putangina gusto nya ako halikan kahit ayaw ko",harassment
"May estudyanteng lalaki na hinipuan ako sa hallway",harassment
"May lalaking nakatayo sa gilid ng school gate nakatitig sa suso ko",harassment
"STOP --- fuck --- don’t --- touch ---",harassment
"May nagpipictura sa jeep habang tulog ako",harassment
"Someone’s groping me in the crowd please help",harassment
"May lalaki na nakalapit , sinasabi sex daw kami",harassment
"Help me! May humahawak sa legs ko sa ilalim ng mesa",harassment
"Putangina may manyak sa likod ko sa jeep",harassment
"Nakapatong siya sa akin kahit pinapalayas ko",harassment
"May foreigner na biglang hinawakan balikat ko sa mall",harassment
"May nagpadala ng voice note na puro bastos",harassment
"STOP touching my ass motherfucker",harassment
"May lalaking nakasunod sa akin hanggang CR",harassment
"Help --- static --- no sex --- please ---",harassment
"May nagtangkang halikan ako sa jeep",harassment
"Naka akbay siya sa akin kahit di ko siya kilala",harassment
"Putangina may nagjajakol sa gilid ng kalsada",harassment
"May tambay sa tindahan na hinaharang ako para hawakan braso ko",harassment
"HELP! He’s forcing me to kiss him",harassment
"May nakapulupot sa bewang ko sa pila sa MRT",harassment
"Stop! Wag mo ako hipuan gago ka",harassment
"May lasing na nagsabi kakantutin daw niya ako mamaya",harassment
"HELP --- stop --- please --- no rape ---",harassment
"May estudyante na pinalo pwet ko sa hallway",harassment
"Putangina tinanggal niya bra strap ko sa jeep",harassment
"May matandang lalaki sa simbahan na hinihipo ako",harassment
"HELP! Naka kapit siya sa kamay ko ayaw bitawan",harassment
"May manyak na sumipol at nagbastos sakin habang naglalakad",harassment
"Fuck you don’t touch me bitch",harassment
"May nagpadala ng sex video na ayaw ko makita",harassment
"May nakatitig sakin habang hawak titi niya sa gilid ng kalsada",harassment
"HELP --- static --- help me rape ---",harassment
"May nagvideo sakin habang nakadapa ako sa jeep",harassment
"May lalaking sumusunod sa akin sa mall, bastos tingin",harassment
"May humawak ng hita ko sa bus",harassment
"Putangina may nagyaya ng sex kapalit ng trabaho",harassment
"May batang lalaki na sinasabi mga bastos sakin",harassment
"STOP! Wag mo ipasok kamay mo dyan",harassment
"May manyak na nagtatanong kung virgin pa ako",harassment
"HELP! May naglock ng pinto habang mag isa ako sa kwarto",harassment
"May lalaki na dumidikit sakin sa pila sa palengke",harassment
"Fuck he’s kissing me against my will",harassment
"May tumawag para bastusin ako sa phone",harassment
"May manyak sa tricycle, hawak kamay ko",harassment
"HELP --- no --- stop --- fuck ---",harassment
"May nag comment sa picture ko ng bastos",harassment
"May tambay na nagyaya ng sex sa kalye",harassment
"Putangina dinikit niya ari niya sa pwet ko sa jeep",harassment
"May nagrecord habang nagbibihis sa gym",harassment
"May lalaki na humatak sakin sa sulok",harassment
"STOP! Fuck off you creep",harassment
"May manyak sa eskinita, nakahubad",harassment
"May humawak ng balikat ko habang sinasabi bastos",harassment
"HELP --- static --- no touch --- please ---",harassment
"May sumitsit at nagbastos habang nakasakay ako sa bike",harassment
"Putangina gusto nya tanggalin blouse ko",harassment
"May nagpadala ng bastos na meme",harassment
"May manyak na sumusunod hanggang bahay",harassment
"HELP! He’s groping me!",harassment
"May lalaking sumasayad katawan niya sa akin sa MRT",harassment
"STOP touching me gago!",harassment
"May nagpaabot ng bastos na papel sa akin",harassment
"May sumipol at nagbastos habang kumakain ako",harassment
"HELP --- no --- rape --- please ---",harassment
"May tambay na tinanggal takip ng damit ko",harassment
"May manyak na nagjakol habang nakatingin sakin",harassment
"Putangina kinikiskis niya katawan niya sa likod ko",harassment
"May lalaki sa trabaho na lagi akong hinaharass",harassment
"HELP! Someone’s trying to kiss me",harassment
"May nagsabi sakin na titirahin daw ako",harassment
"STOP! Fuck you, leave me alone",harassment
"May humawak sa dibdib ko habang naglalakad",harassment
"HELP --- help --- no sex ---",harassment
"May nagblock sakin sa daan para bastusin ako",harassment
"Putangina gusto niya ako hilahin sa kotse",harassment
"May lalaki na humahabol sa akin... hingal... gusto akong rape-in... Help — I — Can't — Run",harassment
"Putang ina may manyak sa jeep... hawak na sa legs ko... please send help",harassment
"Help... sa kanto ng 7-11... may lalaking nag jakol sa harap ko",harassment
"Sir may nagbubulong ng bastos sakin sa bus... fuck... kinakabahan na ako",harassment
"May sumunod sakin hanggang CR... paulit ulit sinasabi kantutin daw ako",harassment
"Help—me—plz... lalaki sa likod... hinahawakan pwet ko",harassment
"Shit... may nanghihipo sa MRT... di ako makagalaw",harassment
"May lasing na humihipo sa akin habang nakapila... help",harassment
"Nakakatakot may nag send ng sex video sa messenger ngayon lang",harassment
"Kuya driver may lalaking nakaupo sa tabi ko... binubuka legs ko",harassment
"Help—me—now... naka jacket na lalaki... nag jakol sa gilid ng school gate",harassment
"May nagpapakita ng titi sakin sa footbridge... fuck",harassment
"May nagsabi sakin na kakantutin daw ako pag hindi ako sumama",harassment
"Sa may tricycle terminal... may matandang manyakis na humawak sa dibdib ko",harassment
"May tumawag sakin at paulit-ulit sinasabi sex... sex...",harassment
"Help... may nag screenshot ng katawan ko... pinapadala sakin",harassment
"May humahawak sa legs ko sa ilalim ng mesa",harassment
"Putang ina may lalaki sa gym locker room na nagjakol sa harap ko",harassment
"Help — S — O — S — may nagpipilit mag halik sakin sa kanto",harassment
"May nagpapadala ng bastos na litrato sa phone ko",harassment
"Kuya may naghubad sa harap ko sa jeep",harassment
"May manyak na sumisilip sa bintana ko ngayong gabi",harassment
"Help... may lasing na humihipo sa akin sa bar",harassment
"May lalaking nakasunod mula LRT hanggang bahay ko... paulit ulit sinasabi kantot",harassment
"Sa jeep may lalaki na nagpapadikit sakin kahit may space",harassment
"May manyak na sumigaw ng bastos habang dumadaan ako",harassment
"Help—me—please... tinatakot ako na rereypin daw ako",harassment
"May nag chat sakin na magjakol daw ako habang video call",harassment
"Sa may tindahan may lalaking hinila braso ko",harassment
"Putang ina may naghalik sakin nang walang pahintulot",harassment
"May nagkamot ng titi sa harap ko habang nasa park",harassment
"Help... may nagpadala ng hubad na picture sakin",harassment
"Sa waiting shed may lalaking pinipisil ang hita ko",harassment
"May matandang lalaki na nakahawak sa balikat ko ng bastos",harassment
"May nagtitig sa akin na parang undress ako",harassment
"Help — I — C — A — N — 'T — Move... may humahawak sa bewang ko",harassment
"May lalaking nagsasabi sakin na babayaran daw ako para sa sex",harassment
"Sa bus may lalaking nakadikit sakin kahit walang tao sa harap",harassment
"May sumipol at nag sabi ng bastos habang naglalakad ako",harassment
"Help... may nagpipilit na halikan ako",harassment
"May manyak na nagchat sakin ng video nya habang nagjakol",harassment
"May sumusunod sakin at sumisigaw ng 'kantot tayo'",harassment
"Sa LRT may lalaki na nagdikit ng ari sa likod ko",harassment
"May nag send ng hubad kong litrato sa GC",harassment
"Help... may humahawak sa buhok ko sa likod",harassment
"May lasing na sumusubok halikan ako",harassment
"Sa elevator may humawak sa pwet ko",harassment
"May nag video sakin habang nagbibihis",harassment
"Help — Me — Sir... may lalaking nakahubad sa harap ko",harassment
"May bata na tinatakot at minamanyak ng matanda dito",harassment
"Sa barangay may lalaking tumatawag sa akin ng pokpok",harassment
"May manyak na sumisigaw sa akin habang naglalakad",harassment
"Help... may humahawak sa legs ko sa ilalim ng table",harassment
"May nagpakita ng bastos na larawan sakin sa cellphone nya",harassment
"Sa jeep may lalaking nakahawak sa hita ko",harassment
"May sumigaw ng 'jakol tayo' habang naglalakad ako",harassment
"Help — N — O — W — may sumusunod sakin na hubad",harassment
"May naghalik sakin bigla sa eskinita",harassment
"May lalaki na humawak sa balikat ko na parang mang-aakit",harassment
"Help... may sumisilip sa palda ko sa likod",harassment
"May manyak na humahabol sa akin sa palengke",harassment
"Sa bus may lalaking nagkamot ng titi habang nakatingin sakin",harassment
"May nagpapadala ng voice message na puro kantot",harassment
"Help... may tumatakip sa bibig ko",harassment
"May lalaki na nakahawak sa bewang ko sa MRT",harassment
"Sa kalsada may sumisigaw ng bastos na salita sakin",harassment
"May nagpipilit na makipag sex sakin",harassment
"Help — Me — Now — may naglalabas ng ari nya sa harap ko",harassment
"May nag selfie kasama ako habang nakahawak sa pwet ko",harassment
"May nag susundan sakin habang nagjajakol",harassment
"Sa eskinita may lasing na humahawak sa balikat ko",harassment
"Help... may lalaki sa tapat ng bahay na hubad",harassment
"May naglalakad na lalaki na sumipol at nagsabi ng bastos",harassment
"May humahawak sa hita ko sa gilid ng upuan",harassment
"Sa mall may nag video habang nakaupo ako",harassment
"Help — I — Can't — Escape — may humaharang sakin",harassment
"May naglabas ng ari nya sa harap ng school gate",harassment
"May nagpapadala ng bastos na meme sakin",harassment
"Help... may sumusunod sakin habang nagjajakol",harassment
"May sumigaw ng 'kantutin kita' habang naglalakad ako",harassment
"May humahawak sa balikat ko habang tinatakot ako",harassment
"Help... may lalaking nakadikit sa likod ko sa MRT",harassment
"May nagpadala ng video nya habang nagjajakol",harassment
"Sa jeep may sumisilip sa cleavage ko",harassment
"Help — M — E — may naglalabas ng titi sa harap ko",harassment
"May lasing na sumigaw sakin ng bastos",harassment
"May manyak sa tabi ng bahay na nagjajakol",harassment
"Help... may humahawak sa legs ko sa bus",harassment
"May lalaki na nagkamot ng titi habang nakatitig sakin",harassment
"May nagpapadala ng sex chat sakin",harassment
"Help — Sir — may lalaking humaharang sakin",harassment
"May manyak na humahawak sa kamay ko",harassment
"Sa LRT may nagdikit ng ari sa bewang ko",harassment
"Help... may nagpipilit na hubaran ako",harassment
"May nag send ng bastos na video sakin",harassment
"May sumisilip sa bintana ko gabi gabi",harassment
"Help — I — Can't — Breathe — may humahawak sa leeg ko",harassment
"May nagpipilit na halikan ako kahit ayaw ko",harassment
"Sa jeep may lalaking nakatabi na manyakis",harassment
"Help... may humahawak sa bewang ko",harassment
"Help --- me --- now --- tinatakot ako --- may manyak dito --- please come fast",harassment
"Shit may lalaki sa likod ko --- sinasabi na kantutin daw ako --- send police",harassment
"Low signal --- pero may nanghahawak sa legs ko --- bastos siya --- tulong",harassment
"May manyak sa jeep --- fuck --- hawak niya suso ko --- please rescue",harassment
"Nagjakol sa harap ko yung lalaki --- ayaw tumigil --- Help--- please---",harassment
"May nagpi-picture sa ilalim ng palda ko --- this is sexual harassment",harassment
"Lasing na lalaki --- sabi niya rape-in niya ako --- Help--- hurry",harassment
"Nasa tricycle ako --- driver binabastos ako --- kantot daw gusto niya",harassment
"Help--- he is following me --- sabi niya sex daw kami --- takot na ako",harassment
"Nakatitig yung lalaki sa dibdib ko --- sobrang bastos --- please send help",harassment
"May sumipol sa akin tapos hinawakan pwet ko --- low signal--- please respond",harassment
"Fuck --- may lasing na humawak sa hita ko --- ayaw bitawan",harassment
"Help --- Help --- may nagbubulong ng bastos --- malapit na siya sa akin",harassment
"May manyak sa MRT --- pinipisil suso ko kahit may tao",harassment
"Sinusundan ako ng lalaki --- sabi niya 'jakol ko yan para sa’yo' --- shit",harassment
"May lasing dito na sinasabi kakantutin niya ako --- please tulong",harassment
"Help--- static --- pinipilit niya hawakan pekpek ko --- send backup",harassment
"May humihipo sa dibdib ko sa bus --- tulong --- bastos na matanda",harassment
"May nagjakol sa tabi ko sa jeep --- sobrang bastos --- please help",harassment
"Fuck this --- may manyak dito sa kanto --- hawak pwet ko",harassment
"Low signal --- pero may nanghihipo sa akin --- bastos sobra",harassment
"May lasing na nagsasabi ng 'sex tayo' --- nakakatakot",harassment
"Help--- grab driver binabastos ako --- sabi kantutin niya ako",harassment
"May lalaki sa harap ko na nagbukas ng pantalon --- manyak",harassment
"May sumusunod na lalaki --- sinasabi na papatungan daw niya ako",harassment
"Nasa jeep ako --- manyak na matanda hawak hita ko",harassment
"Help--- tulong --- may nagpipilit na hawakan suso ko --- hurry",harassment
"Fuck fuck fuck --- may manyak sa harap ko --- static---",harassment
"May lalaking kinukuhaan ako ng picture sa suso --- bastos",harassment
"Low signal --- may nagbubulong ng bastos --- harassment to",harassment
"Help--- may lalaking gusto akong halikan --- ayaw ko",harassment
"May sumusunod sa akin --- sabi niya sex daw kami mamaya",harassment
"Nagbukas ng zipper yung lalaki sa jeep --- sobrang bastos",harassment
"Help--- nakahawak na siya sa legs ko --- please hurry",harassment
"May humahalik sa leeg ko --- hindi ko kilala --- harassment",harassment
"Fuck --- may humihipo sa dibdib ko --- MRT --- crowd",harassment
"Help me --- static --- may nanggugulo sa katawan ko",harassment
"May lasing na humihipo sa pwet ko --- bastos sobra",harassment
"Nagjakol sa harap ko --- manyak --- help please",harassment
"May lalaki sa gilid ko na nagbubulong 'kantot'",harassment
"Help --- may humihipo sa suso ko sa jeep",harassment
"Low sig --- pero may bastos dito sa kanto",harassment
"Help me --- static --- bastos na lalaki",harassment
"May manyak na pinipisil suso ko --- help",harassment
"Fuck --- ginagalaw yung hita ko sa bus",harassment
"May lalaki na bumubulong ng 'rape'",harassment
"Help--- may lasing na manyak dito",harassment
"Static --- may bastos sa tabi ko",harassment
"Help me --- please --- harassment",harassment
"May humihipo sa akin --- jeep",harassment
"Help --- follo --- wing --- me",harassment
"May --- guy --- keeps --- whistl --- ing",harassment
"Stalk --- er --- follo --- ing --- street",harassment
"Na --- haharass --- ako --- sa jeep",harassment
"Guy --- keeps --- say --- ing sweet --- ie",harassment
"--- whistle --- ing --- sa lik --- od ko",harassment
"Fol --- lowing --- me --- from --- school",harassment
"May --- na --- nagpi --- picture --- sa akin",harassment
"Ran --- dom --- man --- call --- ing baby --- girl",harassment
"--- keeps --- walk --- ing too --- close",harassment
"Na --- sit --- sit --- an ako --- paulit --- ulit",harassment
"Man --- shouting --- rude --- words",harassment
"Fol --- low --- ing --- with --- cam --- era",harassment
"--- guy --- stand --- ing sa --- harap --- ko",harassment
"May --- nag --- bu --- bulong ng --- bastos",harassment
"Some --- one --- keeps --- blocking --- way",harassment
"--- tambay --- keeps --- making --- kis --- sing --- sounds",harassment
"Haras --- sing --- me --- in --- jeep --- ney",harassment
"--- keeps --- ask --- ing --- for --- num --- ber",harassment
"Guy --- taking --- pho --- tos --- sa --- jeep",harassment
"May --- nan --- unukso --- sa akin --- paulit --- ulit",harassment
"Fol --- low --- ing --- sa --- madilim --- na --- daan",harassment
"--- keeps --- joke --- ing --- bastos --- ly",harassment
"Help --- some --- one --- fol --- low --- ing",harassment
"Na --- ba --- bastos --- ako --- sa kanto",harassment
"Whis --- tle --- sounds --- sa --- lik --- od",harassment
"Stran --- ger --- keeps --- blocking --- me",harassment
"Tamb --- ay --- keeps --- calling --- me",harassment
"May --- guy --- nakatitig --- ng --- masama",harassment
"May lalaki na bigla akong hinalikan sa pisngi sa jeep.",harassment
"Niyakap ako ng di ko kilala at hinawakan sa kamay.",harassment
"Naglakad ako sa eskinita tapos may humawak sa pwet ko.",harassment
"Stranger tried to kiss me habang naglalakad sa school.",harassment
"May matandang lalaki na sinundot pekpek ko sa pila.",harassment
"Sumakay ako sa bus, biglang hinawakan ang puka ko.",harassment
"May lasing na lalaki na hinawakan ang kepyas ko sa party.",harassment
"While walking home, someone touched my vagina.",harassment
"Nagulat ako nang bigla akong hinalikan sa lips ng officemate ko.",harassment
"May estudyante na hinawakan pekpek ko sa corridor.",harassment
"Di ko kilala pero hinawakan niya kamay ko sa mall.",harassment
"May lalaki sa jeep na hinimas pwet ko.",harassment
"Kinuhanan ako ng dignidad nang biglang hinipo pekpek ko.",harassment
"Random guy whispered 'pussy' sa tenga ko sa street.",harassment
"Habang nag-aantay ng tricycle, may humawak sa pwet ko.",harassment
"A stranger kissed my cheek without permission.",harassment
"May lalaki na sinundot puke ko sa labas ng convenience store.",harassment
"Nasa jeep ako nang biglang hinawakan kamay ko ng katabi.",harassment
"Someone grabbed my butt habang nasa pila sa cafeteria.",harassment
"Classmate tried to kiss me kahit ayaw ko.",harassment
"Hinawakan ng lalaki ang kepyas ko habang sumasayaw.",harassment
"Niyakap ako ng mahigpit at sinundot pekpek ko.",harassment
"Someone touched my vagina while I was asleep sa bus.",harassment
"May guard na hinalikan ako sa pisngi kahit bawal.",harassment
"Guy from class hinawakan ang puka ko sa hallway.",harassment
"May nagtanong ng oras tapos hinawakan ang pwet ko.",harassment
"A stranger in market hinawakan pekpek ko.",harassment
"Nagulat ako nang hinipo ng katabi ang kepyas ko.",harassment
"While crossing, someone grabbed my hand and kissed it.",harassment
"May lalaki na paulit-ulit ako tinatawag ng babe sa kalsada",harassment
"Stranger keeps whistling at me habang naglalakad ako sa street",harassment
"Some guy followed me and kept calling me sweetie",harassment
"Naririnig ko na may nagsisitsit sa likod habang pauwi ako",harassment
"May naglalakad sa likod ko at tinatawag ako ng honey",harassment
"Group of men shouting things about my clothes",harassment
"Binabastos ako ng tambay sa kanto habang dumadaan",harassment
"May sumigaw ng 'Sexy mo!' habang papunta ako sa sakayan",harassment
"Stranger keeps asking for my number kahit sabi ko no",harassment
"Guy is taking unsolicited photos of me sa jeep",harassment
"May nagtatawa-tawa at tumuturo sa akin habang naglalakad",harassment
"Man blocking my way and calling me baby girl",harassment
"May sumusunod sa akin kahit sinabi ko na stop",harassment
"Naririnig ko na may bumubulong ng bastos sa tenga ko",harassment
"Group of teens shouting rude names at me",harassment
"May matandang lalaki na nakatitig ng masama sa katawan ko",harassment
"Someone brushed against me intentionally sa LRT",harassment
"Tambay catcalling me habang bumibili ako sa tindahan",harassment
"Naririnig ko ang paulit-ulit na pang-aasar habang naglalakad",harassment
"May lalaki na nakatayo sa harap ng gate namin at tumatawag sa akin",harassment
"Random guy said inappropriate joke about me",harassment
"Stranger keeps walking too close kahit walang space issue",harassment
"May nag-picture sa akin ng hindi nagpapaalam",harassment
"Tambay keeps making kissing sounds habang dumadaan ako",harassment
"May nag-aalok ng kung anu-ano sa akin sa daan",harassment
"Guy keeps blocking my path and laughing",harassment

