Text,Label
Help! sila are robbing me!,robbery
"Nanakawan po ako, pera at phone nila kinuha!",robbery
Res: They stole my bag sa jeep!,robbery
Holdapin ako sa labas ng mall!,robbery
"Res: Please hurry, they took my wallet! Please come fast!",robbery
May holdapan sa kanto!,robbery
Res: aking phone was snatched kanina! Please come fast!,robbery
"Sir, suhol nila lahat ng gamit ko!",robbery
Nakawan ako habang naglalakad papunta school!,robbery
Help! sila are robbing me!,robbery
"Nanakawan po ako, pera at phone nila kinuha! Please come fast!",robbery
They stole my bag sa jeep!,robbery
Holdapin ako sa labas ng mall! Please come fast!,robbery
"Please hurry, sila took aking wallet!",robbery
May holdapan sa kanto!,robbery
aking phone was snatched kanina! Please come fast!,robbery
"Sir, suhol nila lahat ng gamit ko!",robbery
Res: Nakawan ako habang naglalakad papunta school!,robbery
Help! They are robbing me!,robbery
"Nanakawan po ako, pera at phone nila kinuha!",robbery
They stole my bag sa jeep! Please come fast!,robbery
Holdapin ako sa labas ng mall!,robbery
"Res: Please hurry, they took my wallet! Please come fast!",robbery
May holdapan sa kanto!,robbery
My phone was snatched kanina!,robbery
"Sir, suhol nila lahat ng gamit ko! Please come fast!",robbery
Nakawan ako habang naglalakad papunta school!,robbery
Help! They are robbing me!,robbery
"Nanakawan po ako, pera at phone nila kinuha!",robbery
They stole my bag sa jeep!,robbery
Holdapin ako sa labas ng mall!,robbery
"Res: Please hurry, they took my wallet!",robbery
May holdapan sa kanto!,robbery
My phone was snatched kanina!,robbery
"Sir, suhol nila lahat ng gamit ko! Please come fast!",robbery
Nakawan ako habang naglalakad papunta school! Please come fast!,robbery
Help! sila are robbing me! Please come fast!,robbery
"Nanakawan po ako, pera at phone nila kinuha!",robbery
They stole my bag sa jeep!,robbery
Holdapin ako sa labas ng mall! Please come fast!,robbery
"Please hurry, they took my wallet!",robbery
May holdapan sa kanto!,robbery
Res: aking phone was snatched kanina!,robbery
"Sir, suhol nila lahat ng gamit ko! Please come fast!",robbery
Res: Nakawan ako habang naglalakad papunta school!,robbery
Help! They are robbing me!,robbery
"Nanakawan po ako, pera at phone nila kinuha!",robbery
sila stole aking bag sa jeep! Please come fast!,robbery
Res: Holdapin ako sa labas ng mall! Please come fast!,robbery
"Please hurry, they took my wallet! Please come fast!",robbery
May holdapan sa kanto!,robbery
My phone was snatched kanina! Please come fast!,robbery
"Sir, suhol nila lahat ng gamit ko!",robbery
Nakawan ako habang naglalakad papunta school!,robbery
Help! They are robbing me!,robbery
"Res: Nanakawan po ako, pera at phone nila kinuha!",robbery
sila stole aking bag sa jeep! Please come fast!,robbery
Holdapin ako sa labas ng mall!,robbery
"Res: Please hurry, they took my wallet!",robbery
May holdapan sa kanto! Please come fast!,robbery
Res: aking phone was snatched kanina!,robbery
"Sir, suhol nila lahat ng gamit ko! Please come fast!",robbery
Res: Nakawan ako habang naglalakad papunta school!,robbery
Help! They are robbing me!,robbery
"Nanakawan po ako, pera at phone nila kinuha! Please come fast!",robbery
sila stole aking bag sa jeep!,robbery
Holdapin ako sa labas ng mall!,robbery
"Please hurry, sila took aking wallet!",robbery
Res: May holdapan sa kanto!,robbery
aking phone was snatched kanina!,robbery
"Res: Sir, suhol nila lahat ng gamit ko!",robbery
Res: Nakawan ako habang naglalakad papunta school!,robbery
Res: Help! They are robbing me!,robbery
"Nanakawan po ako, pera at phone nila kinuha!",robbery
They stole my bag sa jeep!,robbery
Holdapin ako sa labas ng mall!,robbery
"Res: Please hurry, they took my wallet!",robbery
May holdapan sa kanto!,robbery
aking phone was snatched kanina!,robbery
"Sir, suhol nila lahat ng gamit ko!",robbery
Res: Nakawan ako habang naglalakad papunta school!,robbery
Help! They are robbing me!,robbery
"Nanakawan po ako, pera at phone nila kinuha! Please come fast!",robbery
sila stole aking bag sa jeep! Please come fast!,robbery
Holdapin ako sa labas ng mall!,robbery
"Please hurry, sila took aking wallet!",robbery
May holdapan sa kanto!,robbery
My phone was snatched kanina! Please come fast!,robbery
"Sir, suhol nila lahat ng gamit ko!",robbery
Nakawan ako habang naglalakad papunta school!,robbery
Help! sila are robbing me!,robbery
"Res: Nanakawan po ako, pera at phone nila kinuha!",robbery
They stole my bag sa jeep!,robbery
Holdapin ako sa labas ng mall!,robbery
"Please hurry, sila took aking wallet!",robbery
May holdapan sa kanto!,robbery
My phone was snatched kanina!,robbery
"Res: Sir, suhol nila lahat ng gamit ko!",robbery
Res: Nakawan ako habang naglalakad papunta school!,robbery
Res: Help! They are robbing me!,robbery
"Nanakawan po ako, pera at phone nila kinuha!",robbery
Res: They stole my bag sa jeep! Please come fast!,robbery
Holdapin ako sa labas ng mall!,robbery
"Please hurry, they took my wallet!",robbery
Res: May holdapan sa kanto! Please come fast!,robbery
Res: My phone was snatched kanina! Please come fast!,robbery
"Sir, suhol nila lahat ng gamit ko!",robbery
Res: Nakawan ako habang naglalakad papunta school!,robbery
Res: Help! They are robbing me!,robbery
"Nanakawan po ako, pera at phone nila kinuha!",robbery
sila stole aking bag sa jeep! Please come fast!,robbery
Res: Holdapin ako sa labas ng mall!,robbery
"Please hurry, sila took aking wallet! Please come fast!",robbery
May holdapan sa kanto! Please come fast!,robbery
My phone was snatched kanina!,robbery
"Sir, suhol nila lahat ng gamit ko!",robbery
Nakawan ako habang naglalakad papunta school!,robbery
Help! sila are robbing me! Please come fast!,robbery
"Nanakawan po ako, pera at phone nila kinuha!",robbery
They stole my bag sa jeep!,robbery
Holdapin ako sa labas ng mall!,robbery
"Please hurry, they took my wallet!",robbery
May holdapan sa kanto!,robbery
Res: aking phone was snatched kanina!,robbery
"Res: Sir, suhol nila lahat ng gamit ko!",robbery
Nakawan ako habang naglalakad papunta school! Please come fast!,robbery
Res: Help! They are robbing me! Please come fast!,robbery
"Res: Nanakawan po ako, pera at phone nila kinuha!",robbery
sila stole aking bag sa jeep!,robbery
Holdapin ako sa labas ng mall!,robbery
"Please hurry, they took my wallet!",robbery
Res: May holdapan sa kanto!,robbery
My phone was snatched kanina!,robbery
"Sir, suhol nila lahat ng gamit ko!",robbery
Res: Nakawan ako habang naglalakad papunta school!,robbery
Help! They are robbing me!,robbery
"Nanakawan po ako, pera at phone nila kinuha!",robbery
Res: They stole my bag sa jeep!,robbery
Holdapin ako sa labas ng mall!,robbery
"Please hurry, sila took aking wallet!",robbery
May holdapan sa kanto! Please come fast!,robbery
Res: aking phone was snatched kanina!,robbery
"Sir, suhol nila lahat ng gamit ko!",robbery
Nakawan ako habang naglalakad papunta school! Please come fast!,robbery
Res: Help! sila are robbing me!,robbery
"Res: Nanakawan po ako, pera at phone nila kinuha! Please come fast!",robbery
sila stole aking bag sa jeep!,robbery
Holdapin ako sa labas ng mall! Please come fast!,robbery
"Res: Please hurry, they took my wallet!",robbery
Res: May holdapan sa kanto!,robbery
My phone was snatched kanina!,robbery
"Sir, suhol nila lahat ng gamit ko! Please come fast!",robbery
Nakawan ako habang naglalakad papunta school!,robbery
Help! They are robbing me! Please come fast!,robbery
"Nanakawan po ako, pera at phone nila kinuha!",robbery
sila stole aking bag sa jeep!,robbery
Holdapin ako sa labas ng mall!,robbery
"Please hurry, sila took aking wallet!",robbery
Res: May holdapan sa kanto!,robbery
aking phone was snatched kanina!,robbery
"Sir, suhol nila lahat ng gamit ko!",robbery
Nakawan ako habang naglalakad papunta school!,robbery
Help! sila are robbing me!,robbery
"Nanakawan po ako, pera at phone nila kinuha!",robbery
They stole my bag sa jeep!,robbery
Holdapin ako sa labas ng mall!,robbery
"Res: Please hurry, sila took aking wallet! Please come fast!",robbery
Res: May holdapan sa kanto!,robbery
aking phone was snatched kanina! Please come fast!,robbery
"Sir, suhol nila lahat ng gamit ko!",robbery
Nakawan ako habang naglalakad papunta school!,robbery
Help! They are robbing me! Please come fast!,robbery
"Nanakawan po ako, pera at phone nila kinuha! Please come fast!",robbery
They stole my bag sa jeep!,robbery
Holdapin ako sa labas ng mall!,robbery
"Res: Please hurry, sila took aking wallet!",robbery
May holdapan sa kanto!,robbery
aking phone was snatched kanina! Please come fast!,robbery
"Res: Sir, suhol nila lahat ng gamit ko!",robbery
Nakawan ako habang naglalakad papunta school! Please come fast!,robbery
Res: Help! sila are robbing me!,robbery
"Nanakawan po ako, pera at phone nila kinuha! Please come fast!",robbery
They stole my bag sa jeep! Please come fast!,robbery
Res: Holdapin ako sa labas ng mall!,robbery
"Please hurry, they took my wallet!",robbery
May holdapan sa kanto!,robbery
aking phone was snatched kanina!,robbery
"Sir, suhol nila lahat ng gamit ko!",robbery
Nakawan ako habang naglalakad papunta school!,robbery
Help! sila are robbing me!,robbery
"Nanakawan po ako, pera at phone nila kinuha! Please come fast!",robbery
Res: They stole my bag sa jeep! Please come fast!,robbery
Res: Holdapin ako sa labas ng mall!,robbery
"Please hurry, sila took aking wallet!",robbery
May holdapan sa kanto! Please come fast!,robbery
Res: My phone was snatched kanina!,robbery
"Sir, suhol nila lahat ng gamit ko!",robbery
Nakawan ako habang naglalakad papunta school!,robbery
Help! They are robbing me!,robbery
"Nanakawan po ako, pera at phone nila kinuha!",robbery
sila stole aking bag sa jeep!,robbery
Holdapin ako sa labas ng mall!,robbery
"Please hurry, they took my wallet!",robbery
Res: May holdapan sa kanto! Please come fast!,robbery
Res: aking phone was snatched kanina!,robbery
"Sir, suhol nila lahat ng gamit ko!",robbery
Nakawan ako habang naglalakad papunta school!,robbery
Help! They are robbing me!,robbery
"Nanakawan po ako, pera at phone nila kinuha!",robbery
They stole my bag sa jeep!,robbery
Res: Holdapin ako sa labas ng mall!,robbery
"Please hurry, they took my wallet!",robbery
May holdapan sa kanto! Please come fast!,robbery
My phone was snatched kanina!,robbery
"Sir, suhol nila lahat ng gamit ko! Please come fast!",robbery
Res: Nakawan ako habang naglalakad papunta school!,robbery
Help! sila are robbing me! Please come fast!,robbery
"Nanakawan po ako, pera at phone nila kinuha!",robbery
They stole my bag sa jeep!,robbery
Holdapin ako sa labas ng mall!,robbery
"Res: Please hurry, sila took aking wallet!",robbery
May holdapan sa kanto!,robbery
My phone was snatched kanina! Please come fast!,robbery
"Sir, suhol nila lahat ng gamit ko!",robbery
Nakawan ako habang naglalakad papunta school!,robbery
Help! They are robbing me!,robbery
"Res: Nanakawan po ako, pera at phone nila kinuha! Please come fast!",robbery
Res: They stole my bag sa jeep! Please come fast!,robbery
Holdapin ako sa labas ng mall! Please come fast!,robbery
"Please hurry, sila took aking wallet!",robbery
May holdapan sa kanto! Please come fast!,robbery
Res: My phone was snatched kanina!,robbery
"Sir, suhol nila lahat ng gamit ko! Please come fast!",robbery
Nakawan ako habang naglalakad papunta school! Please come fast!,robbery
Help! They are robbing me!,robbery
"Res: Nanakawan po ako, pera at phone nila kinuha! Please come fast!",robbery
They stole my bag sa jeep!,robbery
Holdapin ako sa labas ng mall! Please come fast!,robbery
"Please hurry, sila took aking wallet! Please come fast!",robbery
May holdapan sa kanto!,robbery
Res: My phone was snatched kanina!,robbery
"Res: Sir, suhol nila lahat ng gamit ko!",robbery
Nakawan ako habang naglalakad papunta school!,robbery
Help! They are robbing me!,robbery
"Nanakawan po ako, pera at phone nila kinuha!",robbery
sila stole aking bag sa jeep! Please come fast!,robbery
Holdapin ako sa labas ng mall!,robbery
"Res: Please hurry, sila took aking wallet!",robbery
May holdapan sa kanto! Please come fast!,robbery
aking phone was snatched kanina!,robbery
"Res: Sir, suhol nila lahat ng gamit ko! Please come fast!",robbery
Res: Nakawan ako habang naglalakad papunta school!,robbery
Help! They are robbing me! Please come fast!,robbery
"Nanakawan po ako, pera at phone nila kinuha! Please come fast!",robbery
sila stole aking bag sa jeep!,robbery
Holdapin ako sa labas ng mall! Please come fast!,robbery
"Please hurry, they took my wallet! Please come fast!",robbery
May holdapan sa kanto! Please come fast!,robbery
Res: My phone was snatched kanina!,robbery
"Res: Sir, suhol nila lahat ng gamit ko!",robbery
Nakawan ako habang naglalakad papunta school!,robbery
Help! sila are robbing me!,robbery
"Nanakawan po ako, pera at phone nila kinuha!",robbery
They stole my bag sa jeep! Please come fast!,robbery
Res: Holdapin ako sa labas ng mall! Please come fast!,robbery
"Please hurry, sila took aking wallet!",robbery
May holdapan sa kanto! Please come fast!,robbery
My phone was snatched kanina!,robbery
"Res: Sir, suhol nila lahat ng gamit ko!",robbery
Nakawan ako habang naglalakad papunta school! Please come fast!,robbery
Help! They are robbing me!,robbery
"Res: Nanakawan po ako, pera at phone nila kinuha! Please come fast!",robbery
They stole my bag sa jeep!,robbery
Holdapin ako sa labas ng mall! Please come fast!,robbery
"Res: Please hurry, they took my wallet!",robbery
Res: May holdapan sa kanto!,robbery
My phone was snatched kanina! Please come fast!,robbery
"Sir, suhol nila lahat ng gamit ko! Please come fast!",robbery
Res: Nakawan ako habang naglalakad papunta school!,robbery
Help! They are robbing me!,robbery
"Nanakawan po ako, pera at phone nila kinuha!",robbery
They stole my bag sa jeep! Please come fast!,robbery
Holdapin ako sa labas ng mall!,robbery
"Please hurry, sila took aking wallet! Please come fast!",robbery
May holdapan sa kanto!,robbery
My phone was snatched kanina! Please come fast!,robbery
"Sir, suhol nila lahat ng gamit ko!",robbery
Nakawan ako habang naglalakad papunta school!,robbery
Res: Help! They are robbing me!,robbery
"Nanakawan po ako, pera at phone nila kinuha!",robbery
Res: sila stole aking bag sa jeep!,robbery
Holdapin ako sa labas ng mall!,robbery
"Res: Please hurry, they took my wallet!",robbery
May holdapan sa kanto!,robbery
Res: My phone was snatched kanina! Please come fast!,robbery
"Sir, suhol nila lahat ng gamit ko!",robbery
Nakawan ako habang naglalakad papunta school! Please come fast!,robbery
Help! They are robbing me! Please come fast!,robbery
"Nanakawan po ako, pera at phone nila kinuha!",robbery
sila stole aking bag sa jeep! Please come fast!,robbery
May nanaksak sa akin!,assault
Sinaksak ako outside building!,assault
Res: They punched me sa rally!,assault
"Help, someone hit me with a stick!",assault
"Pinagbugbog nila ako, takot na takot ako!",assault
May sumapak sa akin sa kalsada!,assault
They slapped me for no reason!,assault
Nasapak po ako kanina!,assault
Nabaril ako sa paa!,assault
May nanaksak sa akin!,assault
Sinaksak ako outside building!,assault
Res: sila punched me sa rally!,assault
"Help, someone hit me with a stick!",assault
"Pinagbugbog nila ako, takot na takot ako! Please come fast!",assault
Res: May sumapak sa akin sa kalsada!,assault
sila slapped me for no reason!,assault
Nasapak po ako kanina! Please come fast!,assault
Nabaril ako sa paa!,assault
Res: May nanaksak sa akin!,assault
Sinaksak ako outside building!,assault
sila punched me sa rally!,assault
"Help, someone hit me with a stick!",assault
"Res: Pinagbugbog nila ako, takot na takot ako!",assault
Res: May sumapak sa akin sa kalsada!,assault
sila slapped me for no reason!,assault
Res: Nasapak po ako kanina!,assault
Nabaril ako sa paa!,assault
May nanaksak sa akin! Please come fast!,assault
Sinaksak ako outside building! Please come fast!,assault
sila punched me sa rally!,assault
"Help, may isang tao hit me with a stick! Please come fast!",assault
"Pinagbugbog nila ako, takot na takot ako!",assault
Res: May sumapak sa akin sa kalsada!,assault
sila slapped me for no reason!,assault
Res: Nasapak po ako kanina! Please come fast!,assault
Res: Nabaril ako sa paa!,assault
May nanaksak sa akin!,assault
Sinaksak ako outside building!,assault
They punched me sa rally! Please come fast!,assault
"Help, someone hit me with a stick!",assault
"Pinagbugbog nila ako, takot na takot ako!",assault
May sumapak sa akin sa kalsada!,assault
Res: They slapped me for no reason!,assault
Nasapak po ako kanina!,assault
Nabaril ako sa paa! Please come fast!,assault
May nanaksak sa akin!,assault
Sinaksak ako outside building!,assault
Res: They punched me sa rally! Please come fast!,assault
"Help, may isang tao hit me with a stick! Please come fast!",assault
"Pinagbugbog nila ako, takot na takot ako!",assault
Res: May sumapak sa akin sa kalsada!,assault
sila slapped me for no reason! Please come fast!,assault
Nasapak po ako kanina! Please come fast!,assault
Nabaril ako sa paa!,assault
Res: May nanaksak sa akin!,assault
Sinaksak ako outside building!,assault
Res: sila punched me sa rally!,assault
"Help, someone hit me with a stick! Please come fast!",assault
"Res: Pinagbugbog nila ako, takot na takot ako! Please come fast!",assault
May sumapak sa akin sa kalsada!,assault
They slapped me for no reason!,assault
Res: Nasapak po ako kanina!,assault
Nabaril ako sa paa!,assault
Res: May nanaksak sa akin!,assault
Sinaksak ako outside building! Please come fast!,assault
Res: sila punched me sa rally! Please come fast!,assault
"Res: Help, someone hit me with a stick!",assault
"Pinagbugbog nila ako, takot na takot ako!",assault
May sumapak sa akin sa kalsada!,assault
Res: They slapped me for no reason!,assault
Nasapak po ako kanina!,assault
Nabaril ako sa paa!,assault
Res: May nanaksak sa akin!,assault
Sinaksak ako outside building! Please come fast!,assault
Res: sila punched me sa rally! Please come fast!,assault
"Help, may isang tao hit me with a stick! Please come fast!",assault
"Pinagbugbog nila ako, takot na takot ako!",assault
Res: May sumapak sa akin sa kalsada!,assault
They slapped me for no reason!,assault
Res: Nasapak po ako kanina!,assault
Res: Nabaril ako sa paa!,assault
May nanaksak sa akin! Please come fast!,assault
Res: Sinaksak ako outside building!,assault
sila punched me sa rally!,assault
"Res: Help, may isang tao hit me with a stick!",assault
"Pinagbugbog nila ako, takot na takot ako! Please come fast!",assault
May sumapak sa akin sa kalsada!,assault
They slapped me for no reason!,assault
Nasapak po ako kanina!,assault
Nabaril ako sa paa! Please come fast!,assault
Res: May nanaksak sa akin!,assault
Res: Sinaksak ako outside building!,assault
Res: sila punched me sa rally!,assault
"Res: Help, may isang tao hit me with a stick!",assault
"Res: Pinagbugbog nila ako, takot na takot ako! Please come fast!",assault
May sumapak sa akin sa kalsada! Please come fast!,assault
sila slapped me for no reason!,assault
Nasapak po ako kanina! Please come fast!,assault
Nabaril ako sa paa!,assault
May nanaksak sa akin!,assault
Sinaksak ako outside building!,assault
They punched me sa rally! Please come fast!,assault
"Help, someone hit me with a stick!",assault
"Pinagbugbog nila ako, takot na takot ako! Please come fast!",assault
Res: May sumapak sa akin sa kalsada!,assault
Res: sila slapped me for no reason!,assault
Nasapak po ako kanina! Please come fast!,assault
Nabaril ako sa paa!,assault
May nanaksak sa akin! Please come fast!,assault
Sinaksak ako outside building! Please come fast!,assault
Res: sila punched me sa rally!,assault
"Help, may isang tao hit me with a stick!",assault
"Res: Pinagbugbog nila ako, takot na takot ako!",assault
May sumapak sa akin sa kalsada! Please come fast!,assault
They slapped me for no reason!,assault
Nasapak po ako kanina!,assault
Nabaril ako sa paa!,assault
May nanaksak sa akin! Please come fast!,assault
Res: Sinaksak ako outside building!,assault
They punched me sa rally!,assault
"Res: Help, may isang tao hit me with a stick! Please come fast!",assault
"Pinagbugbog nila ako, takot na takot ako!",assault
May sumapak sa akin sa kalsada!,assault
sila slapped me for no reason! Please come fast!,assault
Nasapak po ako kanina!,assault
Nabaril ako sa paa! Please come fast!,assault
May nanaksak sa akin!,assault
Sinaksak ako outside building!,assault
sila punched me sa rally!,assault
"Res: Help, someone hit me with a stick!",assault
"Pinagbugbog nila ako, takot na takot ako! Please come fast!",assault
May sumapak sa akin sa kalsada! Please come fast!,assault
sila slapped me for no reason!,assault
Res: Nasapak po ako kanina!,assault
Res: Nabaril ako sa paa!,assault
May nanaksak sa akin!,assault
Res: Sinaksak ako outside building! Please come fast!,assault
sila punched me sa rally!,assault
"Res: Help, someone hit me with a stick!",assault
"Pinagbugbog nila ako, takot na takot ako!",assault
May sumapak sa akin sa kalsada! Please come fast!,assault
They slapped me for no reason!,assault
Nasapak po ako kanina! Please come fast!,assault
Nabaril ako sa paa!,assault
Res: May nanaksak sa akin!,assault
Sinaksak ako outside building!,assault
They punched me sa rally! Please come fast!,assault
"Help, someone hit me with a stick! Please come fast!",assault
"Res: Pinagbugbog nila ako, takot na takot ako! Please come fast!",assault
May sumapak sa akin sa kalsada! Please come fast!,assault
sila slapped me for no reason!,assault
Nasapak po ako kanina!,assault
Nabaril ako sa paa! Please come fast!,assault
May nanaksak sa akin!,assault
Sinaksak ako outside building!,assault
sila punched me sa rally!,assault
"Help, someone hit me with a stick!",assault
"Pinagbugbog nila ako, takot na takot ako! Please come fast!",assault
May sumapak sa akin sa kalsada!,assault
They slapped me for no reason! Please come fast!,assault
Res: Nasapak po ako kanina! Please come fast!,assault
Nabaril ako sa paa!,assault
May nanaksak sa akin! Please come fast!,assault
Sinaksak ako outside building!,assault
sila punched me sa rally!,assault
"Help, someone hit me with a stick!",assault
"Res: Pinagbugbog nila ako, takot na takot ako! Please come fast!",assault
May sumapak sa akin sa kalsada!,assault
sila slapped me for no reason!,assault
Nasapak po ako kanina!,assault
Nabaril ako sa paa!,assault
Res: May nanaksak sa akin! Please come fast!,assault
Sinaksak ako outside building! Please come fast!,assault
sila punched me sa rally!,assault
"Res: Help, someone hit me with a stick!",assault
"Res: Pinagbugbog nila ako, takot na takot ako!",assault
May sumapak sa akin sa kalsada!,assault
sila slapped me for no reason!,assault
Nasapak po ako kanina!,assault
Res: Nabaril ako sa paa!,assault
May nanaksak sa akin! Please come fast!,assault
Res: Sinaksak ako outside building!,assault
sila punched me sa rally!,assault
"Res: Help, may isang tao hit me with a stick!",assault
"Pinagbugbog nila ako, takot na takot ako!",assault
May sumapak sa akin sa kalsada! Please come fast!,assault
They slapped me for no reason!,assault
Res: Nasapak po ako kanina!,assault
Res: Nabaril ako sa paa! Please come fast!,assault
Res: May nanaksak sa akin!,assault
Sinaksak ako outside building! Please come fast!,assault
Res: They punched me sa rally!,assault
"Help, may isang tao hit me with a stick!",assault
"Res: Pinagbugbog nila ako, takot na takot ako! Please come fast!",assault
May sumapak sa akin sa kalsada!,assault
They slapped me for no reason!,assault
Nasapak po ako kanina!,assault
Nabaril ako sa paa!,assault
May nanaksak sa akin!,assault
Sinaksak ako outside building!,assault
Res: They punched me sa rally! Please come fast!,assault
"Help, may isang tao hit me with a stick!",assault
"Pinagbugbog nila ako, takot na takot ako!",assault
May sumapak sa akin sa kalsada!,assault
They slapped me for no reason!,assault
Nasapak po ako kanina! Please come fast!,assault
Nabaril ako sa paa!,assault
May nanaksak sa akin! Please come fast!,assault
Sinaksak ako outside building!,assault
Res: They punched me sa rally!,assault
"Help, may isang tao hit me with a stick!",assault
"Res: Pinagbugbog nila ako, takot na takot ako!",assault
May sumapak sa akin sa kalsada!,assault
sila slapped me for no reason! Please come fast!,assault
Res: Nasapak po ako kanina! Please come fast!,assault
Nabaril ako sa paa! Please come fast!,assault
May nanaksak sa akin!,assault
Res: Sinaksak ako outside building! Please come fast!,assault
They punched me sa rally!,assault
"Help, someone hit me with a stick!",assault
"Res: Pinagbugbog nila ako, takot na takot ako!",assault
May sumapak sa akin sa kalsada!,assault
Res: sila slapped me for no reason!,assault
Nasapak po ako kanina!,assault
Nabaril ako sa paa! Please come fast!,assault
Res: May nanaksak sa akin!,assault
Sinaksak ako outside building!,assault
sila punched me sa rally!,assault
"Help, someone hit me with a stick! Please come fast!",assault
"Pinagbugbog nila ako, takot na takot ako! Please come fast!",assault
May sumapak sa akin sa kalsada!,assault
Res: sila slapped me for no reason! Please come fast!,assault
Nasapak po ako kanina! Please come fast!,assault
Nabaril ako sa paa! Please come fast!,assault
May nanaksak sa akin!,assault
Res: Sinaksak ako outside building!,assault
Res: sila punched me sa rally! Please come fast!,assault
"Res: Help, someone hit me with a stick!",assault
"Res: Pinagbugbog nila ako, takot na takot ako!",assault
May sumapak sa akin sa kalsada!,assault
They slapped me for no reason! Please come fast!,assault
Res: Nasapak po ako kanina!,assault
Nabaril ako sa paa!,assault
May nanaksak sa akin! Please come fast!,assault
Sinaksak ako outside building!,assault
They punched me sa rally!,assault
"Help, someone hit me with a stick!",assault
"Pinagbugbog nila ako, takot na takot ako!",assault
May sumapak sa akin sa kalsada!,assault
sila slapped me for no reason!,assault
Nasapak po ako kanina!,assault
Res: Nabaril ako sa paa!,assault
May nanaksak sa akin!,assault
Sinaksak ako outside building!,assault
sila punched me sa rally!,assault
"Help, may isang tao hit me with a stick! Please come fast!",assault
"Pinagbugbog nila ako, takot na takot ako!",assault
May sumapak sa akin sa kalsada!,assault
sila slapped me for no reason!,assault
Nasapak po ako kanina!,assault
Res: Nabaril ako sa paa!,assault
Res: May nanaksak sa akin!,assault
Sinaksak ako outside building!,assault
Res: sila punched me sa rally!,assault
"Help, may isang tao hit me with a stick! Please come fast!",assault
"Res: Pinagbugbog nila ako, takot na takot ako!",assault
May sumapak sa akin sa kalsada!,assault
They slapped me for no reason!,assault
Res: Nasapak po ako kanina!,assault
Nabaril ako sa paa!,assault
May nanaksak sa akin!,assault
Res: Sinaksak ako outside building!,assault
sila punched me sa rally! Please come fast!,assault
"Help, may isang tao hit me with a stick!",assault
"Pinagbugbog nila ako, takot na takot ako!",assault
Res: May sumapak sa akin sa kalsada! Please come fast!,assault
They slapped me for no reason!,assault
Nasapak po ako kanina!,assault
Nabaril ako sa paa! Please come fast!,assault
May nanaksak sa akin! Please come fast!,assault
Sinaksak ako outside building! Please come fast!,assault
They punched me sa rally!,assault
"Help, someone hit me with a stick!",assault
"Pinagbugbog nila ako, takot na takot ako! Please come fast!",assault
Res: May sumapak sa akin sa kalsada!,assault
They slapped me for no reason!,assault
Nasapak po ako kanina!,assault
Nabaril ako sa paa! Please come fast!,assault
Res: May nanaksak sa akin! Please come fast!,assault
Sinaksak ako outside building!,assault
Res: They punched me sa rally!,assault
"Help, someone hit me with a stick!",assault
"Res: Pinagbugbog nila ako, takot na takot ako! Please come fast!",assault
May sumapak sa akin sa kalsada! Please come fast!,assault
They slapped me for no reason!,assault
Nasapak po ako kanina!,assault
Nabaril ako sa paa! Please come fast!,assault
Res: May nanaksak sa akin!,assault
Sinaksak ako outside building!,assault
Res: They punched me sa rally!,assault
Res: may isang tao keeps following me!,harassment
May nangingialam sa personal ko!,harassment
Res: He keeps texting dirty messages!,harassment
May taong inaasar ako palagi!,harassment
They touched me without consent!,harassment
Sinakal nila ako habang naglalakad!,harassment
"Res: Nakakaba, sila are staring and whistling at me!",harassment
This person won't stop harassing me!,harassment
Pinapapel na nila ako sa school!,harassment
may isang tao keeps following me!,harassment
May nangingialam sa personal ko!,harassment
He keeps texting dirty messages! Please come fast!,harassment
May taong inaasar ako palagi! Please come fast!,harassment
They touched me without consent!,harassment
Sinakal nila ako habang naglalakad!,harassment
"Res: Nakakaba, sila are staring and whistling at me! Please come fast!",harassment
This person won't stop harassing me!,harassment
Res: Pinapapel na nila ako sa school! Please come fast!,harassment
Someone keeps following me!,harassment
May nangingialam sa personal ko! Please come fast!,harassment
He keeps texting dirty messages!,harassment
May taong inaasar ako palagi! Please come fast!,harassment
They touched me without consent!,harassment
Sinakal nila ako habang naglalakad!,harassment
"Nakakaba, sila are staring and whistling at me!",harassment
This person won't stop harassing me! Please come fast!,harassment
Pinapapel na nila ako sa school!,harassment
Someone keeps following me!,harassment
Res: May nangingialam sa personal ko!,harassment
Res: He keeps texting dirty messages!,harassment
May taong inaasar ako palagi! Please come fast!,harassment
Res: sila touched me without consent! Please come fast!,harassment
Res: Sinakal nila ako habang naglalakad!,harassment
"Nakakaba, they are staring and whistling at me!",harassment
This person won't stop harassing me!,harassment
Pinapapel na nila ako sa school!,harassment
may isang tao keeps following me! Please come fast!,harassment
May nangingialam sa personal ko!,harassment
Res: He keeps texting dirty messages!,harassment
May taong inaasar ako palagi! Please come fast!,harassment
They touched me without consent!,harassment
Res: Sinakal nila ako habang naglalakad!,harassment
"Nakakaba, they are staring and whistling at me! Please come fast!",harassment
This person won't stop harassing me! Please come fast!,harassment
Res: Pinapapel na nila ako sa school!,harassment
Someone keeps following me!,harassment
May nangingialam sa personal ko!,harassment
He keeps texting dirty messages! Please come fast!,harassment
May taong inaasar ako palagi!,harassment
Res: They touched me without consent!,harassment
Sinakal nila ako habang naglalakad!,harassment
"Res: Nakakaba, they are staring and whistling at me!",harassment
Res: This person won't stop harassing me! Please come fast!,harassment
Pinapapel na nila ako sa school!,harassment
Someone keeps following me!,harassment
May nangingialam sa personal ko!,harassment
Res: He keeps texting dirty messages! Please come fast!,harassment
May taong inaasar ako palagi!,harassment
Res: sila touched me without consent!,harassment
Res: Sinakal nila ako habang naglalakad!,harassment
"Nakakaba, they are staring and whistling at me!",harassment
Res: This person won't stop harassing me! Please come fast!,harassment
Pinapapel na nila ako sa school!,harassment
may isang tao keeps following me!,harassment
May nangingialam sa personal ko!,harassment
Res: He keeps texting dirty messages!,harassment
May taong inaasar ako palagi! Please come fast!,harassment
They touched me without consent! Please come fast!,harassment
Sinakal nila ako habang naglalakad!,harassment
"Nakakaba, sila are staring and whistling at me! Please come fast!",harassment
This person won't stop harassing me! Please come fast!,harassment
Pinapapel na nila ako sa school!,harassment
Someone keeps following me!,harassment
May nangingialam sa personal ko!,harassment
He keeps texting dirty messages!,harassment
May taong inaasar ako palagi! Please come fast!,harassment
sila touched me without consent!,harassment
Sinakal nila ako habang naglalakad!,harassment
"Nakakaba, sila are staring and whistling at me!",harassment
Res: This person won't stop harassing me!,harassment
Pinapapel na nila ako sa school!,harassment
Someone keeps following me!,harassment
Res: May nangingialam sa personal ko!,harassment
He keeps texting dirty messages!,harassment
May taong inaasar ako palagi!,harassment
They touched me without consent!,harassment
Res: Sinakal nila ako habang naglalakad! Please come fast!,harassment
"Nakakaba, they are staring and whistling at me!",harassment
Res: This person won't stop harassing me! Please come fast!,harassment
Pinapapel na nila ako sa school!,harassment
Res: Someone keeps following me!,harassment
Res: May nangingialam sa personal ko!,harassment
Res: He keeps texting dirty messages!,harassment
Res: May taong inaasar ako palagi!,harassment
They touched me without consent!,harassment
Sinakal nila ako habang naglalakad!,harassment
"Res: Nakakaba, they are staring and whistling at me! Please come fast!",harassment
Res: This person won't stop harassing me!,harassment
Pinapapel na nila ako sa school!,harassment
Someone keeps following me!,harassment
May nangingialam sa personal ko!,harassment
He keeps texting dirty messages!,harassment
Res: May taong inaasar ako palagi!,harassment
They touched me without consent! Please come fast!,harassment
Sinakal nila ako habang naglalakad!,harassment
"Nakakaba, sila are staring and whistling at me!",harassment
This person won't stop harassing me! Please come fast!,harassment
Pinapapel na nila ako sa school! Please come fast!,harassment
may isang tao keeps following me! Please come fast!,harassment
Res: May nangingialam sa personal ko!,harassment
He keeps texting dirty messages!,harassment
May taong inaasar ako palagi!,harassment
Res: sila touched me without consent!,harassment
Sinakal nila ako habang naglalakad! Please come fast!,harassment
"Nakakaba, they are staring and whistling at me! Please come fast!",harassment
This person won't stop harassing me!,harassment
Res: Pinapapel na nila ako sa school!,harassment
Someone keeps following me! Please come fast!,harassment
Res: May nangingialam sa personal ko!,harassment
He keeps texting dirty messages!,harassment
May taong inaasar ako palagi!,harassment
sila touched me without consent!,harassment
Sinakal nila ako habang naglalakad!,harassment
"Nakakaba, they are staring and whistling at me! Please come fast!",harassment
This person won't stop harassing me! Please come fast!,harassment
Pinapapel na nila ako sa school!,harassment
Someone keeps following me!,harassment
May nangingialam sa personal ko!,harassment
Res: He keeps texting dirty messages! Please come fast!,harassment
Res: May taong inaasar ako palagi!,harassment
Res: They touched me without consent! Please come fast!,harassment
Sinakal nila ako habang naglalakad!,harassment
"Nakakaba, sila are staring and whistling at me!",harassment
This person won't stop harassing me!,harassment
Pinapapel na nila ako sa school! Please come fast!,harassment
Someone keeps following me!,harassment
Res: May nangingialam sa personal ko! Please come fast!,harassment
He keeps texting dirty messages!,harassment
May taong inaasar ako palagi! Please come fast!,harassment
sila touched me without consent! Please come fast!,harassment
Res: Sinakal nila ako habang naglalakad!,harassment
"Nakakaba, they are staring and whistling at me!",harassment
This person won't stop harassing me!,harassment
Pinapapel na nila ako sa school!,harassment
Res: Someone keeps following me!,harassment
Res: May nangingialam sa personal ko!,harassment
He keeps texting dirty messages! Please come fast!,harassment
Res: May taong inaasar ako palagi!,harassment
Res: They touched me without consent!,harassment
Sinakal nila ako habang naglalakad!,harassment
"Nakakaba, sila are staring and whistling at me!",harassment
This person won't stop harassing me!,harassment
Pinapapel na nila ako sa school!,harassment
Res: Someone keeps following me!,harassment
May nangingialam sa personal ko! Please come fast!,harassment
Res: He keeps texting dirty messages! Please come fast!,harassment
May taong inaasar ako palagi!,harassment
Res: They touched me without consent!,harassment
Res: Sinakal nila ako habang naglalakad!,harassment
"Nakakaba, sila are staring and whistling at me! Please come fast!",harassment
This person won't stop harassing me!,harassment
Pinapapel na nila ako sa school! Please come fast!,harassment
may isang tao keeps following me! Please come fast!,harassment
May nangingialam sa personal ko!,harassment
He keeps texting dirty messages!,harassment
Res: May taong inaasar ako palagi!,harassment
They touched me without consent!,harassment
Res: Sinakal nila ako habang naglalakad!,harassment
"Nakakaba, they are staring and whistling at me! Please come fast!",harassment
This person won't stop harassing me!,harassment
Pinapapel na nila ako sa school!,harassment
Someone keeps following me!,harassment
Res: May nangingialam sa personal ko! Please come fast!,harassment
Res: He keeps texting dirty messages!,harassment
May taong inaasar ako palagi!,harassment
They touched me without consent! Please come fast!,harassment
Res: Sinakal nila ako habang naglalakad! Please come fast!,harassment
"Nakakaba, sila are staring and whistling at me!",harassment
Res: This person won't stop harassing me!,harassment
Pinapapel na nila ako sa school! Please come fast!,harassment
Someone keeps following me! Please come fast!,harassment
May nangingialam sa personal ko!,harassment
He keeps texting dirty messages!,harassment
May taong inaasar ako palagi!,harassment
sila touched me without consent!,harassment
Sinakal nila ako habang naglalakad! Please come fast!,harassment
"Nakakaba, they are staring and whistling at me!",harassment
This person won't stop harassing me!,harassment
Pinapapel na nila ako sa school! Please come fast!,harassment
Someone keeps following me! Please come fast!,harassment
Res: May nangingialam sa personal ko!,harassment
He keeps texting dirty messages!,harassment
May taong inaasar ako palagi!,harassment
They touched me without consent!,harassment
Sinakal nila ako habang naglalakad! Please come fast!,harassment
"Nakakaba, sila are staring and whistling at me!",harassment
This person won't stop harassing me! Please come fast!,harassment
Pinapapel na nila ako sa school!,harassment
may isang tao keeps following me!,harassment
Res: May nangingialam sa personal ko!,harassment
Res: He keeps texting dirty messages! Please come fast!,harassment
May taong inaasar ako palagi!,harassment
They touched me without consent! Please come fast!,harassment
Sinakal nila ako habang naglalakad! Please come fast!,harassment
"Nakakaba, they are staring and whistling at me!",harassment
This person won't stop harassing me!,harassment
Res: Pinapapel na nila ako sa school!,harassment
Someone keeps following me! Please come fast!,harassment
Res: May nangingialam sa personal ko!,harassment
He keeps texting dirty messages! Please come fast!,harassment
May taong inaasar ako palagi!,harassment
Res: sila touched me without consent! Please come fast!,harassment
Sinakal nila ako habang naglalakad!,harassment
"Nakakaba, they are staring and whistling at me!",harassment
This person won't stop harassing me!,harassment
Pinapapel na nila ako sa school! Please come fast!,harassment
may isang tao keeps following me!,harassment
May nangingialam sa personal ko!,harassment
He keeps texting dirty messages!,harassment
Res: May taong inaasar ako palagi!,harassment
Res: They touched me without consent!,harassment
Res: Sinakal nila ako habang naglalakad!,harassment
"Nakakaba, they are staring and whistling at me!",harassment
This person won't stop harassing me!,harassment
Pinapapel na nila ako sa school!,harassment
Someone keeps following me!,harassment
Res: May nangingialam sa personal ko!,harassment
He keeps texting dirty messages!,harassment
May taong inaasar ako palagi!,harassment
sila touched me without consent!,harassment
Res: Sinakal nila ako habang naglalakad! Please come fast!,harassment
"Res: Nakakaba, sila are staring and whistling at me!",harassment
This person won't stop harassing me!,harassment
Pinapapel na nila ako sa school! Please come fast!,harassment
Someone keeps following me!,harassment
May nangingialam sa personal ko!,harassment
He keeps texting dirty messages!,harassment
May taong inaasar ako palagi!,harassment
They touched me without consent!,harassment
Sinakal nila ako habang naglalakad!,harassment
"Nakakaba, sila are staring and whistling at me!",harassment
This person won't stop harassing me! Please come fast!,harassment
Pinapapel na nila ako sa school!,harassment
Res: Someone keeps following me!,harassment
May nangingialam sa personal ko! Please come fast!,harassment
Res: He keeps texting dirty messages! Please come fast!,harassment
May taong inaasar ako palagi!,harassment
sila touched me without consent!,harassment
Sinakal nila ako habang naglalakad!,harassment
"Nakakaba, sila are staring and whistling at me!",harassment
Res: This person won't stop harassing me! Please come fast!,harassment
Res: Pinapapel na nila ako sa school!,harassment
Someone keeps following me!,harassment
May nangingialam sa personal ko! Please come fast!,harassment
Res: He keeps texting dirty messages!,harassment
Res: May taong inaasar ako palagi!,harassment
Res: They touched me without consent!,harassment
Res: Sinakal nila ako habang naglalakad!,harassment
"Res: Nakakaba, sila are staring and whistling at me! Please come fast!",harassment
Res: This person won't stop harassing me!,harassment
Res: Pinapapel na nila ako sa school!,harassment
Someone keeps following me!,harassment
Res: May nangingialam sa personal ko!,harassment
He keeps texting dirty messages!,harassment
May taong inaasar ako palagi!,harassment
sila touched me without consent!,harassment
Sinakal nila ako habang naglalakad! Please come fast!,harassment
"Nakakaba, they are staring and whistling at me! Please come fast!",harassment
This person won't stop harassing me!,harassment
Res: Pinapapel na nila ako sa school!,harassment
Someone keeps following me! Please come fast!,harassment
May nangingialam sa personal ko!,harassment
Res: He keeps texting dirty messages!,harassment
Res: May taong inaasar ako palagi!,harassment
sila touched me without consent! Please come fast!,harassment
Sinakal nila ako habang naglalakad! Please come fast!,harassment
"Nakakaba, sila are staring and whistling at me! Please come fast!",harassment
This person won't stop harassing me!,harassment
Pinapapel na nila ako sa school!,harassment
Res: Someone keeps following me!,harassment
Res: May nangingialam sa personal ko! Please come fast!,harassment
Res: He keeps texting dirty messages!,harassment
May taong inaasar ako palagi!,harassment
Res: They touched me without consent!,harassment
Sinakal nila ako habang naglalakad!,harassment
"Res: Nakakaba, sila are staring and whistling at me! Please come fast!",harassment
This person won't stop harassing me!,harassment
Pinapapel na nila ako sa school!,harassment
Someone keeps following me! Please come fast!,harassment
May nangingialam sa personal ko!,harassment
He keeps texting dirty messages!,harassment
May taong inaasar ako palagi!,harassment
They touched me without consent! Please come fast!,harassment
Sinakal nila ako habang naglalakad!,harassment
"Nakakaba, they are staring and whistling at me! Please come fast!",harassment
Res: This person won't stop harassing me!,harassment
Pinapapel na nila ako sa school! Please come fast!,harassment
Res: may isang tao keeps following me!,harassment
May nangingialam sa personal ko!,harassment
Res: He keeps texting dirty messages!,harassment
May sunog sa building ng dorm! Please come fast!,others
Car accident sa harap ng gate!,others
"Baha na sa kalsada, hindi makalabas!",others
Res: Somebody fainted outside chapel!,others
May nawawalang bata sa campus! Please come fast!,others
I can hear gunshots nearby!,others
Nasira ang tricycle at natabunan kami ng lupa!,others
Nakakuha ng poison bar lang ang courier! Please come fast!,others
"Overcrowded po ang hallway, sakit na dami!",others
May sunog sa building ng dorm!,others
Res: Car accident sa harap ng gate! Please come fast!,others
"Res: Baha na sa kalsada, hindi makalabas!",others
Somebody fainted outside chapel!,others
May nawawalang bata sa campus!,others
I can hear gunshots nearby! Please come fast!,others
Res: Nasira ang tricycle at natabunan kami ng lupa!,others
Nakakuha ng poison bar lang ang courier!,others
"Overcrowded po ang hallway, sakit na dami!",others
Res: May sunog sa building ng dorm! Please come fast!,others
Car accident sa harap ng gate!,others
"Baha na sa kalsada, hindi makalabas!",others
Res: Somebody fainted outside chapel!,others
May nawawalang bata sa campus! Please come fast!,others
I can hear gunshots nearby!,others
Res: Nasira ang tricycle at natabunan kami ng lupa!,others
Res: Nakakuha ng poison bar lang ang courier! Please come fast!,others
"Overcrowded po ang hallway, sakit na dami! Please come fast!",others
May sunog sa building ng dorm! Please come fast!,others
Res: Car accident sa harap ng gate!,others
"Baha na sa kalsada, hindi makalabas!",others
Somebody fainted outside chapel!,others
May nawawalang bata sa campus! Please come fast!,others
I can hear gunshots nearby!,others
Nasira ang tricycle at natabunan kami ng lupa!,others
Nakakuha ng poison bar lang ang courier!,others
"Overcrowded po ang hallway, sakit na dami! Please come fast!",others
Res: May sunog sa building ng dorm!,others
Car accident sa harap ng gate! Please come fast!,others
"Baha na sa kalsada, hindi makalabas!",others
Somebody fainted outside chapel! Please come fast!,others
May nawawalang bata sa campus!,others
Res: I can hear gunshots nearby!,others
Nasira ang tricycle at natabunan kami ng lupa! Please come fast!,others
Nakakuha ng poison bar lang ang courier!,others
"Overcrowded po ang hallway, sakit na dami! Please come fast!",others
May sunog sa building ng dorm!,others
Res: Car accident sa harap ng gate!,others
"Res: Baha na sa kalsada, hindi makalabas! Please come fast!",others
Res: Somebody fainted outside chapel!,others
Res: May nawawalang bata sa campus!,others
Res: I can hear gunshots nearby! Please come fast!,others
Nasira ang tricycle at natabunan kami ng lupa!,others
Res: Nakakuha ng poison bar lang ang courier!,others
"Overcrowded po ang hallway, sakit na dami!",others
May sunog sa building ng dorm!,others
Car accident sa harap ng gate!,others
"Res: Baha na sa kalsada, hindi makalabas! Please come fast!",others
Res: Somebody fainted outside chapel!,others
Res: May nawawalang bata sa campus!,others
I can hear gunshots nearby!,others
Nasira ang tricycle at natabunan kami ng lupa! Please come fast!,others
Res: Nakakuha ng poison bar lang ang courier!,others
"Res: Overcrowded po ang hallway, sakit na dami!",others
May sunog sa building ng dorm! Please come fast!,others
Car accident sa harap ng gate!,others
"Res: Baha na sa kalsada, hindi makalabas! Please come fast!",others
Somebody fainted outside chapel!,others
May nawawalang bata sa campus!,others
I can hear gunshots nearby! Please come fast!,others
Nasira ang tricycle at natabunan kami ng lupa!,others
Nakakuha ng poison bar lang ang courier!,others
"Overcrowded po ang hallway, sakit na dami!",others
May sunog sa building ng dorm!,others
Res: Car accident sa harap ng gate!,others
"Baha na sa kalsada, hindi makalabas!",others
Res: Somebody fainted outside chapel!,others
Res: May nawawalang bata sa campus!,others
I can hear gunshots nearby! Please come fast!,others
Res: Nasira ang tricycle at natabunan kami ng lupa!,others
Nakakuha ng poison bar lang ang courier!,others
"Overcrowded po ang hallway, sakit na dami!",others
Res: May sunog sa building ng dorm! Please come fast!,others
Res: Car accident sa harap ng gate! Please come fast!,others
"Baha na sa kalsada, hindi makalabas!",others
Somebody fainted outside chapel! Please come fast!,others
Res: May nawawalang bata sa campus!,others
I can hear gunshots nearby!,others
Nasira ang tricycle at natabunan kami ng lupa! Please come fast!,others
Nakakuha ng poison bar lang ang courier!,others
"Overcrowded po ang hallway, sakit na dami! Please come fast!",others
Res: May sunog sa building ng dorm!,others
Car accident sa harap ng gate! Please come fast!,others
"Res: Baha na sa kalsada, hindi makalabas! Please come fast!",others
Somebody fainted outside chapel!,others
May nawawalang bata sa campus!,others
Res: I can hear gunshots nearby! Please come fast!,others
Nasira ang tricycle at natabunan kami ng lupa!,others
Res: Nakakuha ng poison bar lang ang courier!,others
"Overcrowded po ang hallway, sakit na dami!",others
May sunog sa building ng dorm!,others
Car accident sa harap ng gate!,others
"Baha na sa kalsada, hindi makalabas!",others
Res: Somebody fainted outside chapel!,others
May nawawalang bata sa campus! Please come fast!,others
I can hear gunshots nearby!,others
Res: Nasira ang tricycle at natabunan kami ng lupa!,others
Nakakuha ng poison bar lang ang courier!,others
"Overcrowded po ang hallway, sakit na dami!",others
May sunog sa building ng dorm! Please come fast!,others
Res: Car accident sa harap ng gate!,others
"Baha na sa kalsada, hindi makalabas! Please come fast!",others
Res: Somebody fainted outside chapel! Please come fast!,others
May nawawalang bata sa campus!,others
I can hear gunshots nearby! Please come fast!,others
Nasira ang tricycle at natabunan kami ng lupa!,others
Res: Nakakuha ng poison bar lang ang courier!,others
"Res: Overcrowded po ang hallway, sakit na dami!",others
Res: May sunog sa building ng dorm!,others
Car accident sa harap ng gate!,others
"Baha na sa kalsada, hindi makalabas! Please come fast!",others
Somebody fainted outside chapel! Please come fast!,others
May nawawalang bata sa campus!,others
I can hear gunshots nearby!,others
Res: Nasira ang tricycle at natabunan kami ng lupa!,others
Nakakuha ng poison bar lang ang courier!,others
"Res: Overcrowded po ang hallway, sakit na dami!",others
May sunog sa building ng dorm!,others
Res: Car accident sa harap ng gate!,others
"Res: Baha na sa kalsada, hindi makalabas! Please come fast!",others
Somebody fainted outside chapel!,others
Res: May sunog sa building ng dorm!,others
Res: sasakyan aksidente sa harap ng gate!,others
"Baha na sa kalsada, hindi makalabas!",others
Somebody fainted outside chapel! Please respond now!,others
May nawawalang bata sa campus!,others
Res: I can hear gunshots nearby!,others
Nasira ang trike at natabunan kami ng lupa! Please respond now!,others
May nahimatay sa hallway!,others
"Overcrowded po ang hallway, hindi makahinga! Please respond now!",others
Malakas ang lindol kanina sa school! Please respond now!,others
mayroong fire sa building ng dorm!,others
sasakyan aksidente sa harap ng gate!,others
"flood na sa kalsada, hindi makalabas!",others
Somebody fainted outside chapel!,others
mayroong nawawalang bata sa campus!,others
I can hear gunshots nearby!,others
Res: Nasira ang tricycle at natabunan kami ng lupa!,others
Res: mayroong nahimatay sa hallway!,others
"Overcrowded po ang hallway, hindi makahinga! Please respond now!",others
Res: Malakas ang lindol kanina sa school! Please respond now!,others
May sunog sa building ng dorm!,others
Car accident sa harap ng gate! Please respond now!,others
"Baha na sa kalsada, hindi makalabas!",others
Somebody fainted outside chapel!,others
mayroong nawawalang bata sa campus! Please respond now!,others
I can hear gunshots nearby!,others
Nasira ang tricycle at natabunan kami ng lupa! Please respond now!,others
Res: mayroong nahimatay sa hallway! Please respond now!,others
"Overcrowded po ang hallway, hindi makahinga!",others
Res: Malakas ang lindol kanina sa school!,others
May sunog sa building ng dorm! Please respond now!,others
Car accident sa harap ng gate!,others
"Res: flood na sa kalsada, hindi makalabas!",others
Somebody fainted outside chapel! Please respond now!,others
mayroong nawawalang bata sa campus! Please respond now!,others
I can hear gunshots nearby! Please respond now!,others
Nasira ang tricycle at natabunan kami ng lupa! Please respond now!,others
mayroong nahimatay sa hallway!,others
"Overcrowded po ang hallway, hindi makahinga! Please respond now!",others
Malakas ang lindol kanina sa school! Please respond now!,others
mayroong fire sa building ng dorm!,others
Car accident sa harap ng gate!,others
"Res: flood na sa kalsada, hindi makalabas!",others
Res: Somebody fainted outside chapel!,others
May nawawalang bata sa campus!,others
I can hear gunshots nearby!,others
Nasira ang tricycle at natabunan kami ng lupa! Please respond now!,others
May nahimatay sa hallway!,others
"Overcrowded po ang hallway, hindi makahinga! Please respond now!",others
Malakas ang lindol earlier sa school!,others
mayroong fire sa building ng dorm!,others
Car accident sa harap ng gate!,others
"flood na sa kalsada, hindi makalabas!",others
Somebody fainted outside chapel!,others
May nawawalang bata sa campus!,others
I can hear gunshots nearby!,others
Res: Nasira ang tricycle at natabunan kami ng lupa!,others
May nahimatay sa hallway!,others
"Overcrowded po ang hallway, hindi makahinga!",others
Malakas ang lindol earlier sa school!,others
mayroong fire sa building ng dorm!,others
sasakyan aksidente sa harap ng gate!,others
"flood na sa kalsada, hindi makalabas!",others
Somebody fainted outside chapel! Please respond now!,others
May nawawalang bata sa campus!,others
I can hear gunshots nearby!,others
Nasira ang tricycle at natabunan kami ng lupa!,others
May nahimatay sa hallway! Please respond now!,others
"Overcrowded po ang hallway, hindi makahinga! Please respond now!",others
Malakas ang lindol kanina sa school!,others
May sunog sa building ng dorm! Please respond now!,others
Res: sasakyan aksidente sa harap ng gate!,others
"Res: Baha na sa kalsada, hindi makalabas! Please respond now!",others
Somebody fainted outside chapel!,others
Res: mayroong nawawalang bata sa campus!,others
I can hear gunshots nearby!,others
Res: Nasira ang trike at natabunan kami ng lupa!,others
May nahimatay sa hallway! Please respond now!,others
"Overcrowded po ang hallway, hindi makahinga! Please respond now!",others
Res: Malakas ang lindol earlier sa school! Please respond now!,others
May sunog sa building ng dorm!,others
sasakyan aksidente sa harap ng gate!,others
"Res: Baha na sa kalsada, hindi makalabas! Please respond now!",others
Somebody fainted outside chapel! Please respond now!,others
May nawawalang bata sa campus!,others
I can hear gunshots nearby! Please respond now!,others
Nasira ang trike at natabunan kami ng lupa!,others
mayroong nahimatay sa hallway!,others
"Overcrowded po ang hallway, hindi makahinga!",others
Malakas ang lindol earlier sa school!,others
May sunog sa building ng dorm! Please respond now!,others
Res: sasakyan aksidente sa harap ng gate! Please respond now!,others
"flood na sa kalsada, hindi makalabas!",others
Somebody fainted outside chapel!,others
Res: May nawawalang bata sa campus!,others
Res: I can hear gunshots nearby!,others
Nasira ang trike at natabunan kami ng lupa!,others
May nahimatay sa hallway!,others
"Res: Overcrowded po ang hallway, hindi makahinga!",others
Malakas ang lindol earlier sa school!,others
Res: mayroong fire sa building ng dorm! Please respond now!,others
Car accident sa harap ng gate!,others
"Baha na sa kalsada, hindi makalabas! Please respond now!",others
Res: Somebody fainted outside chapel!,others
May nawawalang bata sa campus!,others
Res: I can hear gunshots nearby!,others
Nasira ang tricycle at natabunan kami ng lupa!,others
mayroong nahimatay sa hallway! Please respond now!,others
"Overcrowded po ang hallway, hindi makahinga!",others
Malakas ang lindol earlier sa school!,others
May sunog sa building ng dorm!,others
Car accident sa harap ng gate!,others
"Res: Baha na sa kalsada, hindi makalabas!",others
Res: Somebody fainted outside chapel! Please respond now!,others
Res: mayroong nawawalang bata sa campus! Please respond now!,others
Res: I can hear gunshots nearby!,others
Nasira ang tricycle at natabunan kami ng lupa!,others
Res: May nahimatay sa hallway! Please respond now!,others
"Overcrowded po ang hallway, hindi makahinga! Please respond now!",others
Malakas ang lindol kanina sa school!,others
mayroong fire sa building ng dorm!,others
sasakyan aksidente sa harap ng gate!,others
"flood na sa kalsada, hindi makalabas!",others
Res: Somebody fainted outside chapel!,others
May nawawalang bata sa campus!,others
I can hear gunshots nearby! Please respond now!,others
Nasira ang trike at natabunan kami ng lupa! Please respond now!,others
Res: May nahimatay sa hallway!,others
"Overcrowded po ang hallway, hindi makahinga!",others
Malakas ang lindol kanina sa school!,others
Res: May sunog sa building ng dorm!,others
sasakyan aksidente sa harap ng gate!,others
"flood na sa kalsada, hindi makalabas! Please respond now!",others
Res: Somebody fainted outside chapel!,others
mayroong nawawalang bata sa campus!,others
Res: I can hear gunshots nearby!,others
Res: Nasira ang trike at natabunan kami ng lupa!,others
May nahimatay sa hallway!,others
"Res: Overcrowded po ang hallway, hindi makahinga!",others
Res: Malakas ang lindol kanina sa school!,others
Res: mayroong fire sa building ng dorm!,others
Res: sasakyan aksidente sa harap ng gate!,others
"Baha na sa kalsada, hindi makalabas!",others
Somebody fainted outside chapel!,others
Res: May nawawalang bata sa campus!,others
I can hear gunshots nearby!,others
Nasira ang tricycle at natabunan kami ng lupa! Please respond now!,others
May nahimatay sa hallway!,others
"Overcrowded po ang hallway, hindi makahinga!",others
Malakas ang lindol earlier sa school!,others
mayroong fire sa building ng dorm!,others
Res: sasakyan aksidente sa harap ng gate!,others
"Res: Baha na sa kalsada, hindi makalabas!",others
Somebody fainted outside chapel! Please respond now!,others
May nawawalang bata sa campus!,others
Res: I can hear gunshots nearby!,others
Nasira ang tricycle at natabunan kami ng lupa! Please respond now!,others
mayroong nahimatay sa hallway! Please respond now!,others
"Overcrowded po ang hallway, hindi makahinga!",others
Malakas ang lindol kanina sa school!,others
mayroong fire sa building ng dorm!,others
Res: Car accident sa harap ng gate! Please respond now!,others
"flood na sa kalsada, hindi makalabas!",others
Somebody fainted outside chapel! Please respond now!,others
Res: May nawawalang bata sa campus!,others
I can hear gunshots nearby! Please respond now!,others
Nasira ang tricycle at natabunan kami ng lupa!,others
mayroong nahimatay sa hallway! Please respond now!,others