{
  "ng": 0.1,
  "sa": 0.1,
  "ko": 0.1,
  "ang": 0.1,
  "yung": 0.1,
  "ako": 1.0,
  "habang": 1.0,
  "at": 1.0,
  "may": 1.2,
  "---": 0.1,
  "naglalakad": 1.2,
  "sakay": 1.2,
  "tumakbo": 1.2,
  "lalaki": 1.5,
  "magnanakaw": 1.5,
  "baril": 2.0,
  "kutsilyo": 2.0,
  "patalim": 2.0,
  "cellphone": 2.0,
  "wallet": 2.0,
  "bag": 2.0,
  "holdap": 2.5,
  "naholdap": 2.5,
  "tinutukan": 2.5,
  "kinuha": 2.5,
  "kumuha": 2.5,
  "inagaw": 2.5,
  "tinangay": 2.5,
  "ninakawan": 2.5,
  "sinunggaban": 2.5,
  "bigay": 2.5,
  "lahat": 2.0,
  "kanto": 2.0,
  "gamit": 2.0,
  "mall": 1.8,
  "jeep": 1.8,
  "tricycle": 1.8
}
