{
  "---": 0.1,
  "the": 0.1,
  "and": 0.1,
  "may": 0.5,
  "ako": 0.5,
  "ako'y": 0.5,
  "ako po": 0.5,
  "me": 0.5,
  "help": 0.8,
  "follow": 1.0,
  "sinusundan": 1.0,
  "takip": 1.0,
  "habol": 1.0,
  "hawak": 1.2,
  "hatak": 1.2,
  "sabunot": 1.2,
  "attack": 1.5,
  "suntok": 1.5,
  "sapak": 1.5,
  "stab": 2.0,
  "sinaksak": 2.0,
  "palo": 2.0,
  "palakol": 2.0,
  "kutsilyo": 2.5,
  "knife": 2.5,
  "baril": 2.5,
  "gun": 2.5,
  "bolo": 2.5,
  "martilyo": 2.5
}
